global_pdf_page,icao_index,printed_plate_index,category_index,display_title_index,screening_status,qa_flags
"961","OIZS","10-9","Airport","Airport Diagram Chart (ADC)","INDEPENDENT_200DPI_RENDER; INDEX_CROSSCHECK; FULL_IMAGE_VISUAL_APPROVAL_PENDING",""
"962","OIZS","16-1","Approach","APPROACH 16-1","INDEPENDENT_200DPI_RENDER; INDEX_CROSSCHECK; FULL_IMAGE_VISUAL_APPROVAL_PENDING","GENERIC_APPROACH_TITLE; SOURCE_HEADER_VERIFIED; GENERIC_TITLE_NEEDS_VISUAL_APPROVAL"
"963","OIZS","16-2","Approach","APPROACH 16-2","INDEPENDENT_200DPI_RENDER; INDEX_CROSSCHECK; FULL_IMAGE_VISUAL_APPROVAL_PENDING","GENERIC_APPROACH_TITLE; SOURCE_HEADER_VERIFIED; GENERIC_TITLE_NEEDS_VISUAL_APPROVAL"
"964","OIZS","16-3","Approach","APPROACH 16-3","INDEPENDENT_200DPI_RENDER; INDEX_CROSSCHECK; FULL_IMAGE_VISUAL_APPROVAL_PENDING","GENERIC_APPROACH_TITLE; SOURCE_HEADER_VERIFIED; GENERIC_TITLE_NEEDS_VISUAL_APPROVAL"
"965","ORNI","","Airport","AIRPORT INFORMATION","INDEPENDENT_200DPI_RENDER; INDEX_CROSSCHECK; FULL_IMAGE_VISUAL_APPROVAL_PENDING",""
"966","ORNI","","Airport","AIRPORT INFORMATION","INDEPENDENT_200DPI_RENDER; INDEX_CROSSCHECK; FULL_IMAGE_VISUAL_APPROVAL_PENDING",""
"967","ORNI","10-2","STAR","ALPET 1A, ALRID 1A, EGPEN 1A, EGPEN 1C, LOVEK 1A","INDEPENDENT_200DPI_RENDER; INDEX_CROSSCHECK; FULL_IMAGE_VISUAL_APPROVAL_PENDING",""
"968","ORNI","10-2A","STAR","ALRID 1B, ALRID 1D, EGPEN 1B, LOVEK 1B","INDEPENDENT_200DPI_RENDER; INDEX_CROSSCHECK; FULL_IMAGE_VISUAL_APPROVAL_PENDING",""
"969","ORNI","10-3","SID","ILMAP 1A, LAGLO 1A, NOLDO 1A, NOLDO 1C, SEPTU 1A, SIGBI 1A","INDEPENDENT_200DPI_RENDER; INDEX_CROSSCHECK; FULL_IMAGE_VISUAL_APPROVAL_PENDING",""
"970","ORNI","10-3A","SID","ILMAP 1B, LAGLO 1B, NOLDO 1B, SEPTU 1B, SIGBI 1B","INDEPENDENT_200DPI_RENDER; INDEX_CROSSCHECK; FULL_IMAGE_VISUAL_APPROVAL_PENDING",""
"971","ORNI","10-9","Airport","Airport Diagram Chart (ADC)","INDEPENDENT_200DPI_RENDER; INDEX_CROSSCHECK; FULL_IMAGE_VISUAL_APPROVAL_PENDING",""
"972","ORNI","10-9A","Airport","PARKING STANDS & COORDS","INDEPENDENT_200DPI_RENDER; INDEX_CROSSCHECK; FULL_IMAGE_VISUAL_APPROVAL_PENDING",""
"973","ORNI","10-9S","Airport","MINIMUMS","INDEPENDENT_200DPI_RENDER; INDEX_CROSSCHECK; FULL_IMAGE_VISUAL_APPROVAL_PENDING",""
"974","ORNI","11-1","Approach","LOC RWY 10","INDEPENDENT_200DPI_RENDER; INDEX_CROSSCHECK; FULL_IMAGE_VISUAL_APPROVAL_PENDING",""
"975","ORNI","11-2","Approach","LOC RWY 28","INDEPENDENT_200DPI_RENDER; INDEX_CROSSCHECK; FULL_IMAGE_VISUAL_APPROVAL_PENDING",""
"976","ORNI","12-1","Approach","RNP RWY 10","INDEPENDENT_200DPI_RENDER; INDEX_CROSSCHECK; FULL_IMAGE_VISUAL_APPROVAL_PENDING",""
"977","ORNI","12-2","Approach","RNP RWY 28","INDEPENDENT_200DPI_RENDER; INDEX_CROSSCHECK; FULL_IMAGE_VISUAL_APPROVAL_PENDING",""
"978","ORNI","13-1","Approach","VOR RWY 10","INDEPENDENT_200DPI_RENDER; INDEX_CROSSCHECK; FULL_IMAGE_VISUAL_APPROVAL_PENDING",""
"979","ORNI","13-2","Approach","VOR RWY 28","INDEPENDENT_200DPI_RENDER; INDEX_CROSSCHECK; FULL_IMAGE_VISUAL_APPROVAL_PENDING",""
"980","ORBI","","Airport","AIRPORT INFORMATION","INDEPENDENT_200DPI_RENDER; INDEX_CROSSCHECK; FULL_IMAGE_VISUAL_APPROVAL_PENDING",""
"981","ORBI","","Airport","AIRPORT INFORMATION","INDEPENDENT_200DPI_RENDER; INDEX_CROSSCHECK; FULL_IMAGE_VISUAL_APPROVAL_PENDING",""
"982","ORBI","10-3","SID","SID 10-3","INDEPENDENT_200DPI_RENDER; INDEX_CROSSCHECK; FULL_IMAGE_VISUAL_APPROVAL_PENDING",""
"983","ORBI","10-9","Airport","Airport Diagram Chart (ADC)","INDEPENDENT_200DPI_RENDER; INDEX_CROSSCHECK; FULL_IMAGE_VISUAL_APPROVAL_PENDING",""
"984","ORBI","10-9A","Airport","PARKING STANDS & COORDS","INDEPENDENT_200DPI_RENDER; INDEX_CROSSCHECK; FULL_IMAGE_VISUAL_APPROVAL_PENDING",""
"985","ORBI","10-9B","Airport","AIRPORT CHART","INDEPENDENT_200DPI_RENDER; INDEX_CROSSCHECK; FULL_IMAGE_VISUAL_APPROVAL_PENDING",""
"986","ORBI","10-9S","Airport","MINIMUMS","INDEPENDENT_200DPI_RENDER; INDEX_CROSSCHECK; FULL_IMAGE_VISUAL_APPROVAL_PENDING",""
"987","ORBI","11-1","Approach","APPROACH 11-1","INDEPENDENT_200DPI_RENDER; INDEX_CROSSCHECK; FULL_IMAGE_VISUAL_APPROVAL_PENDING","GENERIC_TITLE_NEEDS_VISUAL_APPROVAL"
"988","ORBI","11-2","Approach","APPROACH 11-2","INDEPENDENT_200DPI_RENDER; INDEX_CROSSCHECK; FULL_IMAGE_VISUAL_APPROVAL_PENDING","GENERIC_TITLE_NEEDS_VISUAL_APPROVAL"
"989","ORBI","","Approach","RNP RWY 15R","INDEPENDENT_200DPI_RENDER; INDEX_CROSSCHECK; FULL_IMAGE_VISUAL_APPROVAL_PENDING",""
"990","ORBI","12-2","Approach","RNP RWY 33L CAT C & D","INDEPENDENT_200DPI_RENDER; INDEX_CROSSCHECK; FULL_IMAGE_VISUAL_APPROVAL_PENDING",""
"991","ORBI","13-1","Approach","VOR DME RWY 15L","INDEPENDENT_200DPI_RENDER; INDEX_CROSSCHECK; FULL_IMAGE_VISUAL_APPROVAL_PENDING",""
"992","ORBI","13-2","Approach","VOR DME RWY 33R","INDEPENDENT_200DPI_RENDER; INDEX_CROSSCHECK; FULL_IMAGE_VISUAL_APPROVAL_PENDING",""
"993","ORER","","Airport","AIRPORT INFORMATION","INDEPENDENT_200DPI_RENDER; INDEX_CROSSCHECK; FULL_IMAGE_VISUAL_APPROVAL_PENDING",""
"994","ORER","","Airport","AIRPORT INFORMATION","INDEPENDENT_200DPI_RENDER; INDEX_CROSSCHECK; FULL_IMAGE_VISUAL_APPROVAL_PENDING",""
"995","ORER","10-2","STAR","KEDIM 1N, OTALO 1N","INDEPENDENT_200DPI_RENDER; INDEX_CROSSCHECK; FULL_IMAGE_VISUAL_APPROVAL_PENDING",""
"996","ORER","10-2A","STAR","OTALO 1S, OTALO 1T","INDEPENDENT_200DPI_RENDER; INDEX_CROSSCHECK; FULL_IMAGE_VISUAL_APPROVAL_PENDING",""
"997","ORER","10-3","SID","DAVAS 1N, UMESA 1N","INDEPENDENT_200DPI_RENDER; INDEX_CROSSCHECK; FULL_IMAGE_VISUAL_APPROVAL_PENDING",""
"998","ORER","10-3A","SID","EMIDO 1N, ROXOP 1N","INDEPENDENT_200DPI_RENDER; INDEX_CROSSCHECK; FULL_IMAGE_VISUAL_APPROVAL_PENDING",""
"999","ORER","10-3B","SID","DAVAS 1S, UMESA 1S","INDEPENDENT_200DPI_RENDER; INDEX_CROSSCHECK; FULL_IMAGE_VISUAL_APPROVAL_PENDING",""
"1000","ORER","10-3C","SID","EMIDO 1S, ROXOP 1S","INDEPENDENT_200DPI_RENDER; INDEX_CROSSCHECK; FULL_IMAGE_VISUAL_APPROVAL_PENDING",""
"1001","ORER","10-9","Airport","Airport Diagram Chart (ADC)","INDEPENDENT_200DPI_RENDER; INDEX_CROSSCHECK; FULL_IMAGE_VISUAL_APPROVAL_PENDING",""
"1002","ORER","10-9A","Airport","PARKING STANDS & COORDS","INDEPENDENT_200DPI_RENDER; INDEX_CROSSCHECK; FULL_IMAGE_VISUAL_APPROVAL_PENDING",""
"1003","ORER","10-9B","Airport","AIRPORT CHART","INDEPENDENT_200DPI_RENDER; INDEX_CROSSCHECK; FULL_IMAGE_VISUAL_APPROVAL_PENDING",""
"1004","ORER","10-9C","Airport","AIRPORT CHART","INDEPENDENT_200DPI_RENDER; INDEX_CROSSCHECK; FULL_IMAGE_VISUAL_APPROVAL_PENDING",""
"1005","ORER","10-9S","Airport","MINIMUMS","INDEPENDENT_200DPI_RENDER; INDEX_CROSSCHECK; FULL_IMAGE_VISUAL_APPROVAL_PENDING",""
"1006","ORER","11-1","Approach","ILS Z RWY 18","INDEPENDENT_200DPI_RENDER; INDEX_CROSSCHECK; FULL_IMAGE_VISUAL_APPROVAL_PENDING",""
"1007","ORER","11-1A","Approach","ILS Z RWY 18","INDEPENDENT_200DPI_RENDER; INDEX_CROSSCHECK; FULL_IMAGE_VISUAL_APPROVAL_PENDING",""
"1008","ORER","11-2","Approach","ILS Y RWY 18","INDEPENDENT_200DPI_RENDER; INDEX_CROSSCHECK; FULL_IMAGE_VISUAL_APPROVAL_PENDING",""
"1009","ORER","11-2A","Approach","ILS Y RWY 18","INDEPENDENT_200DPI_RENDER; INDEX_CROSSCHECK; FULL_IMAGE_VISUAL_APPROVAL_PENDING",""
"1010","ORER","11-3","Approach","ILS Z RWY 36","INDEPENDENT_200DPI_RENDER; INDEX_CROSSCHECK; FULL_IMAGE_VISUAL_APPROVAL_PENDING",""
"1011","ORER","11-4","Approach","ILS Y RWY 36","INDEPENDENT_200DPI_RENDER; INDEX_CROSSCHECK; FULL_IMAGE_VISUAL_APPROVAL_PENDING",""
"1012","ORER","12-1","Approach","RNP RWY 18","INDEPENDENT_200DPI_RENDER; INDEX_CROSSCHECK; FULL_IMAGE_VISUAL_APPROVAL_PENDING",""
"1013","ORER","12-2","Approach","RNP RWY 36","INDEPENDENT_200DPI_RENDER; INDEX_CROSSCHECK; FULL_IMAGE_VISUAL_APPROVAL_PENDING",""
"1014","ORMM","","Airport","AIRPORT INFORMATION","INDEPENDENT_200DPI_RENDER; INDEX_CROSSCHECK; FULL_IMAGE_VISUAL_APPROVAL_PENDING",""
"1015","ORMM","","Airport","AIRPORT INFORMATION","INDEPENDENT_200DPI_RENDER; INDEX_CROSSCHECK; FULL_IMAGE_VISUAL_APPROVAL_PENDING",""
"1016","ORMM","10-9","Airport","Airport Diagram Chart (ADC)","INDEPENDENT_200DPI_RENDER; INDEX_CROSSCHECK; FULL_IMAGE_VISUAL_APPROVAL_PENDING",""
"1017","ORMM","10-9S","Airport","MINIMUMS","INDEPENDENT_200DPI_RENDER; INDEX_CROSSCHECK; FULL_IMAGE_VISUAL_APPROVAL_PENDING",""
"1018","ORMM","11-1","Approach","LOC RWY 32","INDEPENDENT_200DPI_RENDER; INDEX_CROSSCHECK; FULL_IMAGE_VISUAL_APPROVAL_PENDING",""
"1019","ORMM","13-1","Approach","VOR DME RWY 14","INDEPENDENT_200DPI_RENDER; INDEX_CROSSCHECK; FULL_IMAGE_VISUAL_APPROVAL_PENDING",""
"1020","ORMM","13-2","Approach","VOR DME RWY 32","INDEPENDENT_200DPI_RENDER; INDEX_CROSSCHECK; FULL_IMAGE_VISUAL_APPROVAL_PENDING",""
"1021","ORSJ","","Airport","AIRPORT INFORMATION","INDEPENDENT_200DPI_RENDER; INDEX_CROSSCHECK; FULL_IMAGE_VISUAL_APPROVAL_PENDING",""
"1022","ORSJ","","Airport","AIRPORT INFORMATION","INDEPENDENT_200DPI_RENDER; INDEX_CROSSCHECK; FULL_IMAGE_VISUAL_APPROVAL_PENDING",""
"1023","ORER","10-2","STAR","STAR 10-2","INDEPENDENT_200DPI_RENDER; INDEX_CROSSCHECK; FULL_IMAGE_VISUAL_APPROVAL_PENDING",""
"1024","ORER","10-2A","STAR","STAR 10-2A","INDEPENDENT_200DPI_RENDER; INDEX_CROSSCHECK; FULL_IMAGE_VISUAL_APPROVAL_PENDING",""
"1025","ORSJ","10-3","SID","SID 10-3","INDEPENDENT_200DPI_RENDER; INDEX_CROSSCHECK; FULL_IMAGE_VISUAL_APPROVAL_PENDING",""
"1026","ORSJ","10-3A","SID","SID 10-3A","INDEPENDENT_200DPI_RENDER; INDEX_CROSSCHECK; FULL_IMAGE_VISUAL_APPROVAL_PENDING",""
"1027","ORSJ","10-9","Airport","Airport Diagram Chart (ADC)","INDEPENDENT_200DPI_RENDER; INDEX_CROSSCHECK; FULL_IMAGE_VISUAL_APPROVAL_PENDING",""
"1028","ORSJ","10-9A","Airport","AIRPORT CHART","INDEPENDENT_200DPI_RENDER; INDEX_CROSSCHECK; FULL_IMAGE_VISUAL_APPROVAL_PENDING",""
"1029","ORSJ","10-9S","Airport","MINIMUMS","INDEPENDENT_200DPI_RENDER; INDEX_CROSSCHECK; FULL_IMAGE_VISUAL_APPROVAL_PENDING",""
"1030","ORSJ","11-1","Approach","APPROACH 11-1","INDEPENDENT_200DPI_RENDER; INDEX_CROSSCHECK; FULL_IMAGE_VISUAL_APPROVAL_PENDING","GENERIC_TITLE_NEEDS_VISUAL_APPROVAL"
"1031","ORSJ","11-2","Approach","APPROACH 11-2","INDEPENDENT_200DPI_RENDER; INDEX_CROSSCHECK; FULL_IMAGE_VISUAL_APPROVAL_PENDING","GENERIC_TITLE_NEEDS_VISUAL_APPROVAL"
"1032","ORSJ","12-1","Approach","RNP RWY 13","INDEPENDENT_200DPI_RENDER; INDEX_CROSSCHECK; FULL_IMAGE_VISUAL_APPROVAL_PENDING",""
"1033","ORSJ","12-2","Approach","RNP RWY 31","INDEPENDENT_200DPI_RENDER; INDEX_CROSSCHECK; FULL_IMAGE_VISUAL_APPROVAL_PENDING",""
"1034","ORSJ","13-1","Approach","VOR RWY 13","INDEPENDENT_200DPI_RENDER; INDEX_CROSSCHECK; FULL_IMAGE_VISUAL_APPROVAL_PENDING",""
"1035","ORSJ","13-2","Approach","VOR RWY 31","INDEPENDENT_200DPI_RENDER; INDEX_CROSSCHECK; FULL_IMAGE_VISUAL_APPROVAL_PENDING",""
"1036","OOMS","","Airport","AIRPORT INFORMATION","INDEPENDENT_200DPI_RENDER; INDEX_CROSSCHECK; FULL_IMAGE_VISUAL_APPROVAL_PENDING",""
"1037","OOMS","","Airport","AIRPORT INFORMATION","INDEPENDENT_200DPI_RENDER; INDEX_CROSSCHECK; FULL_IMAGE_VISUAL_APPROVAL_PENDING",""
"1038","OOMS","10-1P","Airport","AIRPORT BRIEFING","INDEPENDENT_200DPI_RENDER; INDEX_CROSSCHECK; FULL_IMAGE_VISUAL_APPROVAL_PENDING",""
"1039","OOMS","10-1P1","Airport","AIRPORT BRIEFING","INDEPENDENT_200DPI_RENDER; INDEX_CROSSCHECK; FULL_IMAGE_VISUAL_APPROVAL_PENDING",""
"1040","OOMS","10-3","SID","UMAGO 7R","INDEPENDENT_200DPI_RENDER; INDEX_CROSSCHECK; FULL_IMAGE_VISUAL_APPROVAL_PENDING",""
"1041","OOMS","10-2","STAR","ELIGO 1A, OBTIN 1A, VUSET 1A","INDEPENDENT_200DPI_RENDER; INDEX_CROSSCHECK; FULL_IMAGE_VISUAL_APPROVAL_PENDING",""
"1042","OOMS","10-2A","STAR","ELIGO 1B, OBTIN 1B, VUSET 1B","INDEPENDENT_200DPI_RENDER; INDEX_CROSSCHECK; FULL_IMAGE_VISUAL_APPROVAL_PENDING",""
"1043","OOMS","10-2B","STAR","GERAR 1A, ITIKA 1A","INDEPENDENT_200DPI_RENDER; INDEX_CROSSCHECK; FULL_IMAGE_VISUAL_APPROVAL_PENDING",""
"1044","OOMS","10-2C","STAR","GERAR 1B, ITIKA 1B","INDEPENDENT_200DPI_RENDER; INDEX_CROSSCHECK; FULL_IMAGE_VISUAL_APPROVAL_PENDING",""
"1045","OOMS","10-2D","STAR","IMLUM 1A, LAKLU 1A, LOPUN 1A","INDEPENDENT_200DPI_RENDER; INDEX_CROSSCHECK; FULL_IMAGE_VISUAL_APPROVAL_PENDING",""
"1046","OOMS","10-2E","STAR","IMLUM 1B, LAKLU 1B, LOPUN 1B","INDEPENDENT_200DPI_RENDER; INDEX_CROSSCHECK; FULL_IMAGE_VISUAL_APPROVAL_PENDING",""
"1047","OOMS","10-3","SID","SID 10-3","INDEPENDENT_200DPI_RENDER; INDEX_CROSSCHECK; FULL_IMAGE_VISUAL_APPROVAL_PENDING",""
"1048","OOMS","10-3A","SID","ITLAK 1N, MURMA 1N","INDEPENDENT_200DPI_RENDER; INDEX_CROSSCHECK; FULL_IMAGE_VISUAL_APPROVAL_PENDING",""
"1049","OOMS","10-9","Airport","Airport Diagram Chart (ADC)","INDEPENDENT_200DPI_RENDER; INDEX_CROSSCHECK; FULL_IMAGE_VISUAL_APPROVAL_PENDING",""
"1050","OOMS","10-9A","Airport","ADDITIONAL RUNWAY INFORMATION","INDEPENDENT_200DPI_RENDER; INDEX_CROSSCHECK; FULL_IMAGE_VISUAL_APPROVAL_PENDING",""
"1051","OOMS","10-9B","Airport","AIRPORT CHART","INDEPENDENT_200DPI_RENDER; INDEX_CROSSCHECK; FULL_IMAGE_VISUAL_APPROVAL_PENDING",""
"1052","OOMS","10-9C","Airport","INS COORDINATES","INDEPENDENT_200DPI_RENDER; INDEX_CROSSCHECK; FULL_IMAGE_VISUAL_APPROVAL_PENDING",""
"1053","OOMS","11-1","Approach","LOC RWY 08L","INDEPENDENT_200DPI_RENDER; INDEX_CROSSCHECK; FULL_IMAGE_VISUAL_APPROVAL_PENDING",""
"1054","OOMS","11-1A","Approach","ILS RWY 08L","INDEPENDENT_200DPI_RENDER; INDEX_CROSSCHECK; FULL_IMAGE_VISUAL_APPROVAL_PENDING",""
"1055","OOMS","11-2","Approach","LOC Z RWY 08R","INDEPENDENT_200DPI_RENDER; INDEX_CROSSCHECK; FULL_IMAGE_VISUAL_APPROVAL_PENDING",""
"1056","OOMS","11-3","Approach","LOC Y RWY 08R","INDEPENDENT_200DPI_RENDER; INDEX_CROSSCHECK; FULL_IMAGE_VISUAL_APPROVAL_PENDING",""
"1057","OOMS","11-4","Approach","LOC Z RWY 26L","INDEPENDENT_200DPI_RENDER; INDEX_CROSSCHECK; FULL_IMAGE_VISUAL_APPROVAL_PENDING",""
"1058","OOMS","11-5","Approach","CHART PAGE 683","INDEPENDENT_200DPI_RENDER; INDEX_CROSSCHECK; FULL_IMAGE_VISUAL_APPROVAL_PENDING","GENERIC_TITLE_NEEDS_VISUAL_APPROVAL"
"1059","OOMS","11-6","Approach","CHART PAGE 684","INDEPENDENT_200DPI_RENDER; INDEX_CROSSCHECK; FULL_IMAGE_VISUAL_APPROVAL_PENDING","GENERIC_TITLE_NEEDS_VISUAL_APPROVAL"
"1060","OOMS","11-7","Approach","LOC RWY 26R","INDEPENDENT_200DPI_RENDER; INDEX_CROSSCHECK; FULL_IMAGE_VISUAL_APPROVAL_PENDING",""
