"pdf_page","icao","printed_plate","category_verified","title_without_db_codes","review_status","georef_status","notes"
"341","OIHH","10-3A","SID","ORLOG 1A; ORLOG 1B; ORLOG 1C","VISUALLY_CHECKED_200DPI","NOT_APPLICABLE",""
"342","OIHH","10-9","AIRPORT","AIRPORT DIAGRAM","VISUALLY_CHECKED_200DPI","PENDING_INDEPENDENT_CONTROL",""
"343","OIHH","10-9S","AIRPORT","MINIMUMS","VISUALLY_CHECKED_200DPI","NOT_APPLICABLE","MINIMUMS belongs to AIRPORT, not APP"
"344","OIHH","13-1","APP","VOR DME RWY 10","VISUALLY_CHECKED_200DPI","PENDING_INDEPENDENT_CONTROL",""
"345","OIHH","13-2","APP","VOR DME RWY 28","VISUALLY_CHECKED_200DPI","PENDING_INDEPENDENT_CONTROL",""
"346","OIHH","16-1","APP","NDB DME RWY 10","VISUALLY_CHECKED_200DPI","PENDING_INDEPENDENT_CONTROL",""
"347","OIHH","16-2","APP","CIRCLING NDB DME (CAT C & D)","VISUALLY_CHECKED_200DPI","PENDING_INDEPENDENT_CONTROL","Distinct CAT C/D plate; do not deduplicate with 348"
"348","OIHH","16-3","APP","CIRCLING NDB DME (CAT A & B)","VISUALLY_CHECKED_200DPI","PENDING_INDEPENDENT_CONTROL","Distinct CAT A/B plate; do not deduplicate with 347"
"349","OIHR","","AIRPORT","AIRPORT INFORMATION PAGE 1","VISUALLY_CHECKED_200DPI","NOT_APPLICABLE","Information page: printed chart number intentionally absent"
"350","OIHR","10-2","STAR","DEKBA 1N; DEKBA 1P; DEKBA 1Q","VISUALLY_CHECKED_200DPI","NOT_APPLICABLE",""
