source_pdf_page,airport_icao,printed_plate,category_before,category_after,display_title_before,display_title_after,image_render_status,visual_review_status,georef_release_status,finding
"1161","LTAC","16-2","Approach","Approach","NDB Z RWY 03C","NDB Z RWY 03C","INDIVIDUAL_200DPI_JPEG_1700x2200","4UP_200DPI_VISUAL_SCREENED","NO_NEW_GEOREFERENCE_APPROVED",""
"1162","LTFM","","Airport","Airport","AIRPORT INFORMATION","AIRPORT INFORMATION","INDIVIDUAL_200DPI_JPEG_1700x2200","4UP_200DPI_VISUAL_SCREENED","NO_NEW_GEOREFERENCE_APPROVED",""
"1163","LTFM","","Airport","Airport","AIRPORT INFORMATION","AIRPORT INFORMATION","INDIVIDUAL_200DPI_JPEG_1700x2200","4UP_200DPI_VISUAL_SCREENED","NO_NEW_GEOREFERENCE_APPROVED",""
"1164","LTFM","","Airport","Airport","AIRPORT INFORMATION","AIRPORT INFORMATION","INDIVIDUAL_200DPI_JPEG_1700x2200","4UP_200DPI_VISUAL_SCREENED","NO_NEW_GEOREFERENCE_APPROVED",""
"1165","LTFM","","Airport","Airport","AIRPORT INFORMATION","AIRPORT INFORMATION","INDIVIDUAL_200DPI_JPEG_1700x2200","4UP_200DPI_VISUAL_SCREENED","NO_NEW_GEOREFERENCE_APPROVED",""
"1166","LTFM","30-1P","Airport","Airport","AIRPORT BRIEFING","AIRPORT BRIEFING","INDIVIDUAL_200DPI_JPEG_1700x2200","4UP_200DPI_VISUAL_SCREENED","NO_NEW_GEOREFERENCE_APPROVED",""
"1167","LTFM","30-1P1","Airport","Airport","AIRPORT BRIEFING","AIRPORT BRIEFING","INDIVIDUAL_200DPI_JPEG_1700x2200","4UP_200DPI_VISUAL_SCREENED","NO_NEW_GEOREFERENCE_APPROVED",""
"1168","LTFM","30-1P2","Airport","Airport","AIRPORT BRIEFING","AIRPORT BRIEFING","INDIVIDUAL_200DPI_JPEG_1700x2200","4UP_200DPI_VISUAL_SCREENED","NO_NEW_GEOREFERENCE_APPROVED",""
"1169","LTFM","30-1P3","Airport","Airport","AIRPORT BRIEFING","AIRPORT BRIEFING","INDIVIDUAL_200DPI_JPEG_1700x2200","INDIVIDUAL_200DPI_IMAGE_RENDERED; SOURCE_TEXT_SCREENED; NATIVE_SIZE_VISUAL_REVIEW_PENDING","NO_NEW_GEOREFERENCE_APPROVED",""
"1170","LTFM","30-1P4","Airport","Airport","AIRPORT BRIEFING","AIRPORT BRIEFING","INDIVIDUAL_200DPI_JPEG_1700x2200","INDIVIDUAL_200DPI_IMAGE_RENDERED; SOURCE_TEXT_SCREENED; NATIVE_SIZE_VISUAL_REVIEW_PENDING","NO_NEW_GEOREFERENCE_APPROVED",""
"1171","LTFM","30-1P5","Airport","Airport","AIRPORT BRIEFING","AIRPORT BRIEFING","INDIVIDUAL_200DPI_JPEG_1700x2200","INDIVIDUAL_200DPI_IMAGE_RENDERED; SOURCE_TEXT_SCREENED; NATIVE_SIZE_VISUAL_REVIEW_PENDING","NO_NEW_GEOREFERENCE_APPROVED",""
"1172","LTFM","30-1P6","Airport","Airport","AIRPORT BRIEFING","AIRPORT BRIEFING","INDIVIDUAL_200DPI_JPEG_1700x2200","INDIVIDUAL_200DPI_IMAGE_RENDERED; SOURCE_TEXT_SCREENED; NATIVE_SIZE_VISUAL_REVIEW_PENDING","NO_NEW_GEOREFERENCE_APPROVED",""
"1173","LTFM","30-1P7","Airport","Airport","AIRPORT BRIEFING","AIRPORT BRIEFING","INDIVIDUAL_200DPI_JPEG_1700x2200","4UP_200DPI_VISUAL_SCREENED","NO_NEW_GEOREFERENCE_APPROVED",""
"1174","LTFM","30-1R","Airport","Airport","RADAR MINIMUM ALTITUDES","RADAR MINIMUM ALTITUDES","INDIVIDUAL_200DPI_JPEG_1700x2200","4UP_200DPI_VISUAL_SCREENED","NO_NEW_GEOREFERENCE_APPROVED",""
"1175","LTFM","30-2","STAR","STAR","ERSEN 1R, KANQO 1B","ERSEN 1R, KANQO 1B","INDIVIDUAL_200DPI_JPEG_1700x2200","4UP_200DPI_VISUAL_SCREENED","NO_NEW_GEOREFERENCE_APPROVED",""
"1176","LTFM","30-2A","STAR","STAR","NUGBA 1E, RIXEN 1P","NUGBA 1E, RIXEN 1P","INDIVIDUAL_200DPI_JPEG_1700x2200","4UP_200DPI_VISUAL_SCREENED","NO_NEW_GEOREFERENCE_APPROVED",""
"1177","LTFM","30-30","STAR","STAR","ERSEN 1B, SISPI 1B","ERSEN 1B, SISPI 1B","INDIVIDUAL_200DPI_JPEG_1700x2200","INDIVIDUAL_200DPI_IMAGE_RENDERED; SOURCE_TEXT_SCREENED; NATIVE_SIZE_VISUAL_REVIEW_PENDING","NO_NEW_GEOREFERENCE_APPROVED",""
"1178","LTFM","30-2C","STAR","STAR","DRAMO 1P, INBET 1P","DRAMO 1P, INBET 1P","INDIVIDUAL_200DPI_JPEG_1700x2200","INDIVIDUAL_200DPI_IMAGE_RENDERED; SOURCE_TEXT_SCREENED; NATIVE_SIZE_VISUAL_REVIEW_PENDING","NO_NEW_GEOREFERENCE_APPROVED",""
"1179","LTFM","30-2D","STAR","STAR","AYTEK 1R, DRAMO 1B, INBET 1B","AYTEK 1R, DRAMO 1B, INBET 1B","INDIVIDUAL_200DPI_JPEG_1700x2200","INDIVIDUAL_200DPI_IMAGE_RENDERED; SOURCE_TEXT_SCREENED; NATIVE_SIZE_VISUAL_REVIEW_PENDING","NO_NEW_GEOREFERENCE_APPROVED",""
"1180","LTFM","30-2E","STAR","STAR","AYTEK 1B, RILEX 1B, RIXEN 1B","AYTEK 1B, RILEX 1B, RIXEN 1B","INDIVIDUAL_200DPI_JPEG_1700x2200","INDIVIDUAL_200DPI_IMAGE_RENDERED; SOURCE_TEXT_SCREENED; NATIVE_SIZE_VISUAL_REVIEW_PENDING","NO_NEW_GEOREFERENCE_APPROVED",""
"1181","LTFM","30-2F","STAR","STAR","ERSEN 1P, SISPI 1P","ERSEN 1P, SISPI 1P","INDIVIDUAL_200DPI_JPEG_1700x2200","INDIVIDUAL_200DPI_IMAGE_RENDERED; SOURCE_TEXT_SCREENED; NATIVE_SIZE_VISUAL_REVIEW_PENDING","NO_NEW_GEOREFERENCE_APPROVED",""
"1182","LTFM","30-2G","STAR","STAR","ERSEN 1Q, KANQO 1A","ERSEN 1Q, KANQO 1A","INDIVIDUAL_200DPI_JPEG_1700x2200","INDIVIDUAL_200DPI_IMAGE_RENDERED; SOURCE_TEXT_SCREENED; NATIVE_SIZE_VISUAL_REVIEW_PENDING","NO_NEW_GEOREFERENCE_APPROVED",""
"1183","LTFM","30-2H","STAR","STAR","NUGBA 1D, RIXEN 1N","NUGBA 1D, RIXEN 1N","INDIVIDUAL_200DPI_JPEG_1700x2200","INDIVIDUAL_200DPI_IMAGE_RENDERED; SOURCE_TEXT_SCREENED; NATIVE_SIZE_VISUAL_REVIEW_PENDING","NO_NEW_GEOREFERENCE_APPROVED",""
"1184","LTFM","30-2J","STAR","STAR","ERSEN 1A, SISPI 1A","ERSEN 1A, SISPI 1A","INDIVIDUAL_200DPI_JPEG_1700x2200","INDIVIDUAL_200DPI_IMAGE_RENDERED; SOURCE_TEXT_SCREENED; NATIVE_SIZE_VISUAL_REVIEW_PENDING","NO_NEW_GEOREFERENCE_APPROVED",""
"1185","LTFM","30-2K","STAR","STAR","ERSEN 1C, SISPI 1C","ERSEN 1C, SISPI 1C","INDIVIDUAL_200DPI_JPEG_1700x2200","INDIVIDUAL_200DPI_IMAGE_RENDERED; SOURCE_TEXT_SCREENED; NATIVE_SIZE_VISUAL_REVIEW_PENDING","NO_NEW_GEOREFERENCE_APPROVED",""
"1186","LTFM","30-2L","STAR","STAR","AYTEK 1Q, DRAMO 1A, INBET 1A","AYTEK 1Q, DRAMO 1A, INBET 1A","INDIVIDUAL_200DPI_JPEG_1700x2200","INDIVIDUAL_200DPI_IMAGE_RENDERED; SOURCE_TEXT_SCREENED; NATIVE_SIZE_VISUAL_REVIEW_PENDING","NO_NEW_GEOREFERENCE_APPROVED",""
"1187","LTFM","30-2M","STAR","STAR","AYTEK 1C, DRAMO 1C, INBET 1C","AYTEK 1C, DRAMO 1C, INBET 1C","INDIVIDUAL_200DPI_JPEG_1700x2200","INDIVIDUAL_200DPI_IMAGE_RENDERED; SOURCE_TEXT_SCREENED; NATIVE_SIZE_VISUAL_REVIEW_PENDING","NO_NEW_GEOREFERENCE_APPROVED",""
"1188","LTFM","30-2N","STAR","STAR","AYTEK 1A, RILEX 1A, RIXEN 1A","AYTEK 1A, RILEX 1A, RIXEN 1A","INDIVIDUAL_200DPI_JPEG_1700x2200","INDIVIDUAL_200DPI_IMAGE_RENDERED; SOURCE_TEXT_SCREENED; NATIVE_SIZE_VISUAL_REVIEW_PENDING","NO_NEW_GEOREFERENCE_APPROVED",""
"1189","LTFM","30-2P","STAR","STAR","KANQO 1N, NUGBA 1N","KANQO 1N, NUGBA 1N","INDIVIDUAL_200DPI_JPEG_1700x2200","4UP_200DPI_VISUAL_SCREENED","NO_NEW_GEOREFERENCE_APPROVED",""
"1190","LTFM","30-2Q","STAR","STAR","AYTEK 1N, RILEX 1N","AYTEK 1N, RILEX 1N","INDIVIDUAL_200DPI_JPEG_1700x2200","4UP_200DPI_VISUAL_SCREENED","NO_NEW_GEOREFERENCE_APPROVED",""
"1191","LTFM","30-2S","STAR","STAR","AYTEK 1M, RILEX 1M, RIXEN 1M","AYTEK 1M, RILEX 1M, RIXEN 1M","INDIVIDUAL_200DPI_JPEG_1700x2200","4UP_200DPI_VISUAL_SCREENED","NO_NEW_GEOREFERENCE_APPROVED",""
"1192","LTFM","30-2T","STAR","STAR","ERSEN 1M, KANQO 1M","ERSEN 1M, KANQO 1M","INDIVIDUAL_200DPI_JPEG_1700x2200","4UP_200DPI_VISUAL_SCREENED","NO_NEW_GEOREFERENCE_APPROVED",""
"1193","LTFM","30-2U","STAR","STAR","NUGBA 1M, RIXEN 1W","NUGBA 1M, RIXEN 1W","INDIVIDUAL_200DPI_JPEG_1700x2200","INDIVIDUAL_200DPI_IMAGE_RENDERED; SOURCE_TEXT_SCREENED; NATIVE_SIZE_VISUAL_REVIEW_PENDING","NO_NEW_GEOREFERENCE_APPROVED",""
"1194","LTFM","30-3","SID","SID","EKAWE 1F, MAKOL 1F","EKAWE 1F, MAKOL 1F","INDIVIDUAL_200DPI_JPEG_1700x2200","INDIVIDUAL_200DPI_IMAGE_RENDERED; SOURCE_TEXT_SCREENED; NATIVE_SIZE_VISUAL_REVIEW_PENDING","NO_NEW_GEOREFERENCE_APPROVED",""
"1195","LTFM","30-3A","SID","SID","EKAWE 1G, MAKOL 1G","EKAWE 1G, MAKOL 1G","INDIVIDUAL_200DPI_JPEG_1700x2200","INDIVIDUAL_200DPI_IMAGE_RENDERED; SOURCE_TEXT_SCREENED; NATIVE_SIZE_VISUAL_REVIEW_PENDING","NO_NEW_GEOREFERENCE_APPROVED",""
"1196","LTFM","30-3B","SID","SID","EKAWE 1H, MAKOL 1H","EKAWE 1H, MAKOL 1H","INDIVIDUAL_200DPI_JPEG_1700x2200","INDIVIDUAL_200DPI_IMAGE_RENDERED; SOURCE_TEXT_SCREENED; NATIVE_SIZE_VISUAL_REVIEW_PENDING","NO_NEW_GEOREFERENCE_APPROVED",""
"1197","LTFM","30-3C","SID","SID","EKAWE 1C, MAKOL 1C","EKAWE 1C, MAKOL 1C","INDIVIDUAL_200DPI_JPEG_1700x2200","INDIVIDUAL_200DPI_IMAGE_RENDERED; SOURCE_TEXT_SCREENED; NATIVE_SIZE_VISUAL_REVIEW_PENDING","NO_NEW_GEOREFERENCE_APPROVED",""
"1198","LTFM","30-3D","SID","SID","EKAWE 1D, MAKOL 1D","EKAWE 1D, MAKOL 1D","INDIVIDUAL_200DPI_JPEG_1700x2200","INDIVIDUAL_200DPI_IMAGE_RENDERED; SOURCE_TEXT_SCREENED; NATIVE_SIZE_VISUAL_REVIEW_PENDING","NO_NEW_GEOREFERENCE_APPROVED",""
"1199","LTFM","30-3E","SID","SID","EKAWE 1E, MAKOL 1E","EKAWE 1E, MAKOL 1E","INDIVIDUAL_200DPI_JPEG_1700x2200","INDIVIDUAL_200DPI_IMAGE_RENDERED; SOURCE_TEXT_SCREENED; NATIVE_SIZE_VISUAL_REVIEW_PENDING","NO_NEW_GEOREFERENCE_APPROVED",""
"1200","LTFM","30-3E1","STAR","SID","EKAWE 1M, MAKOL 1M","EKAWE 1M, MAKOL 1M","INDIVIDUAL_200DPI_JPEG_1700x2200","FULL_200DPI_IMAGE_VISUAL_CHECK","NO_NEW_GEOREFERENCE_APPROVED","PRINTED_RNAV_SID_AND_DEPARTURES; NOT_STAR"
"1201","LTFM","30-3E2","STAR","SID","EKAWE 1L, MAKOL 1L","EKAWE 1L, MAKOL 1L","INDIVIDUAL_200DPI_JPEG_1700x2200","FULL_200DPI_IMAGE_VISUAL_CHECK","NO_NEW_GEOREFERENCE_APPROVED","PRINTED_RNAV_SID_AND_DEPARTURES; NOT_STAR"
"1202","LTFM","30-3F","SID","SID","RATVU 1F, VICEN 1F","RATVU 1F, VICEN 1F","INDIVIDUAL_200DPI_JPEG_1700x2200","4UP_200DPI_VISUAL_SCREENED","NO_NEW_GEOREFERENCE_APPROVED",""
"1203","LTFM","30-3G","STAR","SID","RATVU 1T, VICEN 1T","RATVU 1T, VICEN 1T","INDIVIDUAL_200DPI_JPEG_1700x2200","4UP_200DPI_VISUAL_SCREENED","NO_NEW_GEOREFERENCE_APPROVED","PRINTED_RNAV_SID_AND_DEPARTURES; NOT_STAR"
"1204","LTFM","30-3H","SID","SID","RATVU 1G, VICEN 1G","RATVU 1G, VICEN 1G","INDIVIDUAL_200DPI_JPEG_1700x2200","4UP_200DPI_VISUAL_SCREENED","NO_NEW_GEOREFERENCE_APPROVED",""
"1205","LTFM","30-3J","STAR","SID","RATVU 1U, VICEN 1U","RATVU 1U, VICEN 1U","INDIVIDUAL_200DPI_JPEG_1700x2200","INDIVIDUAL_200DPI_IMAGE_RENDERED; SOURCE_TEXT_SCREENED; NATIVE_SIZE_VISUAL_REVIEW_PENDING","NO_NEW_GEOREFERENCE_APPROVED","PRINTED_RNAV_SID_AND_DEPARTURES; NOT_STAR"
"1206","LTFM","30-3K","SID","SID","RATVU 1H, VICEN 1H","RATVU 1H, VICEN 1H","INDIVIDUAL_200DPI_JPEG_1700x2200","INDIVIDUAL_200DPI_IMAGE_RENDERED; SOURCE_TEXT_SCREENED; NATIVE_SIZE_VISUAL_REVIEW_PENDING","NO_NEW_GEOREFERENCE_APPROVED",""
"1207","LTFM","30-3L","STAR","SID","RATVU 1V, VICEN 1V","RATVU 1V, VICEN 1V","INDIVIDUAL_200DPI_JPEG_1700x2200","INDIVIDUAL_200DPI_IMAGE_RENDERED; SOURCE_TEXT_SCREENED; NATIVE_SIZE_VISUAL_REVIEW_PENDING","NO_NEW_GEOREFERENCE_APPROVED","PRINTED_RNAV_SID_AND_DEPARTURES; NOT_STAR"
"1208","LTFM","30-3M","SID","SID","RATVU 1C, VICEN 1C","RATVU 1C, VICEN 1C","INDIVIDUAL_200DPI_JPEG_1700x2200","INDIVIDUAL_200DPI_IMAGE_RENDERED; SOURCE_TEXT_SCREENED; NATIVE_SIZE_VISUAL_REVIEW_PENDING","NO_NEW_GEOREFERENCE_APPROVED",""
"1209","LTFM","30-3N","STAR","SID","VICEN 1Q","VICEN 1Q","INDIVIDUAL_200DPI_JPEG_1700x2200","INDIVIDUAL_200DPI_IMAGE_RENDERED; SOURCE_TEXT_SCREENED; NATIVE_SIZE_VISUAL_REVIEW_PENDING","NO_NEW_GEOREFERENCE_APPROVED","PRINTED_RNAV_SID_AND_DEPARTURES; NOT_STAR"
"1210","LTFM","30-3P","SID","SID","RATVU 1D, VICEN 1D","RATVU 1D, VICEN 1D","INDIVIDUAL_200DPI_JPEG_1700x2200","INDIVIDUAL_200DPI_IMAGE_RENDERED; SOURCE_TEXT_SCREENED; NATIVE_SIZE_VISUAL_REVIEW_PENDING","NO_NEW_GEOREFERENCE_APPROVED",""
"1211","LTFM","30-3Q","STAR","SID","VICEN 1R","VICEN 1R","INDIVIDUAL_200DPI_JPEG_1700x2200","INDIVIDUAL_200DPI_IMAGE_RENDERED; SOURCE_TEXT_SCREENED; NATIVE_SIZE_VISUAL_REVIEW_PENDING","NO_NEW_GEOREFERENCE_APPROVED","PRINTED_RNAV_SID_AND_DEPARTURES; NOT_STAR"
"1212","LTFM","30-3S","SID","SID","RATVU 1E, VICEN 1E","RATVU 1E, VICEN 1E","INDIVIDUAL_200DPI_JPEG_1700x2200","INDIVIDUAL_200DPI_IMAGE_RENDERED; SOURCE_TEXT_SCREENED; NATIVE_SIZE_VISUAL_REVIEW_PENDING","NO_NEW_GEOREFERENCE_APPROVED",""
"1213","LTFM","30-3T","STAR","SID","VICEN 1S","VICEN 1S","INDIVIDUAL_200DPI_JPEG_1700x2200","INDIVIDUAL_200DPI_IMAGE_RENDERED; SOURCE_TEXT_SCREENED; NATIVE_SIZE_VISUAL_REVIEW_PENDING","NO_NEW_GEOREFERENCE_APPROVED","PRINTED_RNAV_SID_AND_DEPARTURES; NOT_STAR"
"1214","LTFM","30-3T1","STAR","SID","RATVU 1M, VICEN 1M","RATVU 1M, VICEN 1M","INDIVIDUAL_200DPI_JPEG_1700x2200","INDIVIDUAL_200DPI_IMAGE_RENDERED; SOURCE_TEXT_SCREENED; NATIVE_SIZE_VISUAL_REVIEW_PENDING","NO_NEW_GEOREFERENCE_APPROVED","PRINTED_RNAV_SID_AND_DEPARTURES; NOT_STAR"
"1215","LTFM","30-3T2","STAR","SID","RATVU 1Y, VICEN 1Y","RATVU 1Y, VICEN 1Y","INDIVIDUAL_200DPI_JPEG_1700x2200","INDIVIDUAL_200DPI_IMAGE_RENDERED; SOURCE_TEXT_SCREENED; NATIVE_SIZE_VISUAL_REVIEW_PENDING","NO_NEW_GEOREFERENCE_APPROVED","PRINTED_RNAV_SID_AND_DEPARTURES; NOT_STAR"
"1216","LTFM","30-3T3","STAR","SID","RATVU 1L, VICEN 1L","RATVU 1L, VICEN 1L","INDIVIDUAL_200DPI_JPEG_1700x2200","INDIVIDUAL_200DPI_IMAGE_RENDERED; SOURCE_TEXT_SCREENED; NATIVE_SIZE_VISUAL_REVIEW_PENDING","NO_NEW_GEOREFERENCE_APPROVED","PRINTED_RNAV_SID_AND_DEPARTURES; NOT_STAR"
"1217","LTFM","30-3T4","STAR","SID","VICEN 1Z","VICEN 1Z","INDIVIDUAL_200DPI_JPEG_1700x2200","INDIVIDUAL_200DPI_IMAGE_RENDERED; SOURCE_TEXT_SCREENED; NATIVE_SIZE_VISUAL_REVIEW_PENDING","NO_NEW_GEOREFERENCE_APPROVED","PRINTED_RNAV_SID_AND_DEPARTURES; NOT_STAR"
"1218","LTFM","30-3T5","STAR","SID","BARPE 1M, IVGUS 1M","BARPE 1M, IVGUS 1M","INDIVIDUAL_200DPI_JPEG_1700x2200","INDIVIDUAL_200DPI_IMAGE_RENDERED; SOURCE_TEXT_SCREENED; NATIVE_SIZE_VISUAL_REVIEW_PENDING","NO_NEW_GEOREFERENCE_APPROVED","PRINTED_RNAV_SID_AND_DEPARTURES; NOT_STAR"
"1219","LTFM","30-3T6","STAR","SID","BARPE 1Y, IVGUS 1Y","BARPE 1Y, IVGUS 1Y","INDIVIDUAL_200DPI_JPEG_1700x2200","INDIVIDUAL_200DPI_IMAGE_RENDERED; SOURCE_TEXT_SCREENED; NATIVE_SIZE_VISUAL_REVIEW_PENDING","NO_NEW_GEOREFERENCE_APPROVED","PRINTED_RNAV_SID_AND_DEPARTURES; NOT_STAR"
"1220","LTFM","30-3T7","STAR","SID","BARPE 1L, IVGUS 1L","BARPE 1L, IVGUS 1L","INDIVIDUAL_200DPI_JPEG_1700x2200","INDIVIDUAL_200DPI_IMAGE_RENDERED; SOURCE_TEXT_SCREENED; NATIVE_SIZE_VISUAL_REVIEW_PENDING","NO_NEW_GEOREFERENCE_APPROVED","PRINTED_RNAV_SID_AND_DEPARTURES; NOT_STAR"
"1221","LTFM","30-3T8","SID","SID","BARPE 1D, IVGUS 1D","BARPE 1D, IVGUS 1D","INDIVIDUAL_200DPI_JPEG_1700x2200","INDIVIDUAL_200DPI_IMAGE_RENDERED; SOURCE_TEXT_SCREENED; NATIVE_SIZE_VISUAL_REVIEW_PENDING","NO_NEW_GEOREFERENCE_APPROVED",""
"1222","LTFM","30-3T9","SID","SID","BARPE 1E, IVGUS 1E","BARPE 1E, IVGUS 1E","INDIVIDUAL_200DPI_JPEG_1700x2200","INDIVIDUAL_200DPI_IMAGE_RENDERED; SOURCE_TEXT_SCREENED; NATIVE_SIZE_VISUAL_REVIEW_PENDING","NO_NEW_GEOREFERENCE_APPROVED",""
"1223","LTFM","30-3U","SID","SID","BARPE 1F, IVGUS 1F","BARPE 1F, IVGUS 1F","INDIVIDUAL_200DPI_JPEG_1700x2200","INDIVIDUAL_200DPI_IMAGE_RENDERED; SOURCE_TEXT_SCREENED; NATIVE_SIZE_VISUAL_REVIEW_PENDING","NO_NEW_GEOREFERENCE_APPROVED",""
"1224","LTFM","30-3V","SID","SID","BARPE 1G, IVGUS 1G","BARPE 1G, IVGUS 1G","INDIVIDUAL_200DPI_JPEG_1700x2200","INDIVIDUAL_200DPI_IMAGE_RENDERED; SOURCE_TEXT_SCREENED; NATIVE_SIZE_VISUAL_REVIEW_PENDING","NO_NEW_GEOREFERENCE_APPROVED",""
"1225","LTFM","30-3V1","SID","SID","BARPE 1H, IVGUS 1H","BARPE 1H, IVGUS 1H","INDIVIDUAL_200DPI_JPEG_1700x2200","4UP_200DPI_VISUAL_SCREENED","NO_NEW_GEOREFERENCE_APPROVED",""
"1226","LTFM","30-3V2","STAR","SID","BARPE 1V, IVGUS 1V","BARPE 1V, IVGUS 1V","INDIVIDUAL_200DPI_JPEG_1700x2200","4UP_200DPI_VISUAL_SCREENED","NO_NEW_GEOREFERENCE_APPROVED","PRINTED_RNAV_SID_AND_DEPARTURES; NOT_STAR"
"1227","LTFM","30-3V3","SID","SID","BARPE 1C, IVGUS 1C","BARPE 1C, IVGUS 1C","INDIVIDUAL_200DPI_JPEG_1700x2200","4UP_200DPI_VISUAL_SCREENED","NO_NEW_GEOREFERENCE_APPROVED",""
"1228","LTFM","30-3V4","STAR","SID","IBLAL 1M, REZOV 1M, TUDBU 1M, VADEN 1M","IBLAL 1M, REZOV 1M, TUDBU 1M, VADEN 1M","INDIVIDUAL_200DPI_JPEG_1700x2200","4UP_200DPI_VISUAL_SCREENED","NO_NEW_GEOREFERENCE_APPROVED","PRINTED_RNAV_SID_AND_DEPARTURES; NOT_STAR"
"1229","LTFM","30-3V5","STAR","SID","IBLAL 1L, REZOV 1L, TUDBU 1L, VADEN 1L","IBLAL 1L, REZOV 1L, TUDBU 1L, VADEN 1L","INDIVIDUAL_200DPI_JPEG_1700x2200","INDIVIDUAL_200DPI_IMAGE_RENDERED; SOURCE_TEXT_SCREENED; NATIVE_SIZE_VISUAL_REVIEW_PENDING","NO_NEW_GEOREFERENCE_APPROVED","PRINTED_RNAV_SID_AND_DEPARTURES; NOT_STAR"
"1230","LTFM","30-3V6","SID","SID","IBLAL 1F, REZOV 1F, TUDBU 1F, VADEN 1F","IBLAL 1F, REZOV 1F, TUDBU 1F, VADEN 1F","INDIVIDUAL_200DPI_JPEG_1700x2200","INDIVIDUAL_200DPI_IMAGE_RENDERED; SOURCE_TEXT_SCREENED; NATIVE_SIZE_VISUAL_REVIEW_PENDING","NO_NEW_GEOREFERENCE_APPROVED",""
"1231","LTFM","30-3V7","SID","SID","IBLAL 1G, REZOV 1G, TUDBU 1G, VADEN 1G","IBLAL 1G, REZOV 1G, TUDBU 1G, VADEN 1G","INDIVIDUAL_200DPI_JPEG_1700x2200","INDIVIDUAL_200DPI_IMAGE_RENDERED; SOURCE_TEXT_SCREENED; NATIVE_SIZE_VISUAL_REVIEW_PENDING","NO_NEW_GEOREFERENCE_APPROVED",""
"1232","LTFM","30-3V8","SID","SID","IBLAL 1H, REZOV 1H, TUDBU 1H, VADEN 1H","IBLAL 1H, REZOV 1H, TUDBU 1H, VADEN 1H","INDIVIDUAL_200DPI_JPEG_1700x2200","INDIVIDUAL_200DPI_IMAGE_RENDERED; SOURCE_TEXT_SCREENED; NATIVE_SIZE_VISUAL_REVIEW_PENDING","NO_NEW_GEOREFERENCE_APPROVED",""
"1233","LTFM","30-3V9","SID","SID","IBLAL 1C, REZOV 1C, TUDBU 1C, VADEN 1C","IBLAL 1C, REZOV 1C, TUDBU 1C, VADEN 1C","INDIVIDUAL_200DPI_JPEG_1700x2200","INDIVIDUAL_200DPI_IMAGE_RENDERED; SOURCE_TEXT_SCREENED; NATIVE_SIZE_VISUAL_REVIEW_PENDING","NO_NEW_GEOREFERENCE_APPROVED",""
"1234","LTFM","30-3W","SID","SID","IBLAL 1D, REZOV 1D, TUDBU 1D, VADEN 1D","IBLAL 1D, REZOV 1D, TUDBU 1D, VADEN 1D","INDIVIDUAL_200DPI_JPEG_1700x2200","INDIVIDUAL_200DPI_IMAGE_RENDERED; SOURCE_TEXT_SCREENED; NATIVE_SIZE_VISUAL_REVIEW_PENDING","NO_NEW_GEOREFERENCE_APPROVED",""
"1235","LTFM","30-3W1","SID","SID","IBLAL 1E, REZOV 1E, TUDBU 1E, VADEN 1E","IBLAL 1E, REZOV 1E, TUDBU 1E, VADEN 1E","INDIVIDUAL_200DPI_JPEG_1700x2200","INDIVIDUAL_200DPI_IMAGE_RENDERED; SOURCE_TEXT_SCREENED; NATIVE_SIZE_VISUAL_REVIEW_PENDING","NO_NEW_GEOREFERENCE_APPROVED",""
"1236","LTFM","30-3W2","SID","SID","ELNIN 1K","ELNIN 1K","INDIVIDUAL_200DPI_JPEG_1700x2200","INDIVIDUAL_200DPI_IMAGE_RENDERED; SOURCE_TEXT_SCREENED; NATIVE_SIZE_VISUAL_REVIEW_PENDING","NO_NEW_GEOREFERENCE_APPROVED",""
"1237","LTFM","30-3W3","SID","SID","ELCAH 1K, IST 1S","ELCAH 1K, IST 1S","INDIVIDUAL_200DPI_JPEG_1700x2200","INDIVIDUAL_200DPI_IMAGE_RENDERED; SOURCE_TEXT_SCREENED; NATIVE_SIZE_VISUAL_REVIEW_PENDING","NO_NEW_GEOREFERENCE_APPROVED",""
"1238","LTFM","30-3W4","SID","SID","CEK 1S, YAQZI 1K","CEK 1S, YAQZI 1K","INDIVIDUAL_200DPI_JPEG_1700x2200","INDIVIDUAL_200DPI_IMAGE_RENDERED; SOURCE_TEXT_SCREENED; NATIVE_SIZE_VISUAL_REVIEW_PENDING","NO_NEW_GEOREFERENCE_APPROVED",""
"1239","LTFM","30-3W5","SID","SID","GAPDI 1G","GAPDI 1G","INDIVIDUAL_200DPI_JPEG_1700x2200","INDIVIDUAL_200DPI_IMAGE_RENDERED; SOURCE_TEXT_SCREENED; NATIVE_SIZE_VISUAL_REVIEW_PENDING","NO_NEW_GEOREFERENCE_APPROVED",""
"1240","LTFM","30-3W6","SID","SID","LESQE 1G","LESQE 1G","INDIVIDUAL_200DPI_JPEG_1700x2200","INDIVIDUAL_200DPI_IMAGE_RENDERED; SOURCE_TEXT_SCREENED; NATIVE_SIZE_VISUAL_REVIEW_PENDING","NO_NEW_GEOREFERENCE_APPROVED",""
"1241","LTFM","30-3W7","SID","SID","ASFON 1G","ASFON 1G","INDIVIDUAL_200DPI_JPEG_1700x2200","INDIVIDUAL_200DPI_IMAGE_RENDERED; SOURCE_TEXT_SCREENED; NATIVE_SIZE_VISUAL_REVIEW_PENDING","NO_NEW_GEOREFERENCE_APPROVED",""
"1242","LTFM","30-3W8","SID","SID","IST 1N, IST 1P","IST 1N, IST 1P","INDIVIDUAL_200DPI_JPEG_1700x2200","INDIVIDUAL_200DPI_IMAGE_RENDERED; SOURCE_TEXT_SCREENED; NATIVE_SIZE_VISUAL_REVIEW_PENDING","NO_NEW_GEOREFERENCE_APPROVED",""
"1243","LTFM","30-4","Airport","Airport","NOISE","NOISE","INDIVIDUAL_200DPI_JPEG_1700x2200","INDIVIDUAL_200DPI_IMAGE_RENDERED; SOURCE_TEXT_SCREENED; NATIVE_SIZE_VISUAL_REVIEW_PENDING","NO_NEW_GEOREFERENCE_APPROVED","DISTINCT_AIRPORT_APRON_OR_RUNWAY_INFO; DO_NOT_DEDUP_WITHOUT_CHECK"
"1244","LTFM","30-9","Airport","Airport","Airport Diagram Chart (ADC)","Airport Diagram Chart (ADC)","INDIVIDUAL_200DPI_JPEG_1700x2200","INDIVIDUAL_200DPI_IMAGE_RENDERED; SOURCE_TEXT_SCREENED; NATIVE_SIZE_VISUAL_REVIEW_PENDING","NO_NEW_GEOREFERENCE_APPROVED","DISTINCT_AIRPORT_APRON_OR_RUNWAY_INFO; DO_NOT_DEDUP_WITHOUT_CHECK"
"1245","LTFM","30-9A","Airport","Airport","ADDITIONAL RUNWAY INFORMATION","ADDITIONAL RUNWAY INFORMATION","INDIVIDUAL_200DPI_JPEG_1700x2200","4UP_200DPI_VISUAL_SCREENED","NO_NEW_GEOREFERENCE_APPROVED","DISTINCT_AIRPORT_APRON_OR_RUNWAY_INFO; DO_NOT_DEDUP_WITHOUT_CHECK"
"1246","LTFM","30-9A1","Airport","Airport","HOT SPOTS","HOT SPOTS","INDIVIDUAL_200DPI_JPEG_1700x2200","4UP_200DPI_VISUAL_SCREENED","NO_NEW_GEOREFERENCE_APPROVED","DISTINCT_AIRPORT_APRON_OR_RUNWAY_INFO; DO_NOT_DEDUP_WITHOUT_CHECK"
"1247","LTFM","30-9B","Airport","Airport","PARKING/DOCKING CHART (PDC)","PARKING/DOCKING CHART (PDC)","INDIVIDUAL_200DPI_JPEG_1700x2200","4UP_200DPI_VISUAL_SCREENED","NO_NEW_GEOREFERENCE_APPROVED","DISTINCT_AIRPORT_APRON_OR_RUNWAY_INFO; DO_NOT_DEDUP_WITHOUT_CHECK"
"1248","LTFM","30-9C","Airport","Airport","PARKING/DOCKING CHART (PDC)","PARKING/DOCKING CHART (PDC)","INDIVIDUAL_200DPI_JPEG_1700x2200","4UP_200DPI_VISUAL_SCREENED","NO_NEW_GEOREFERENCE_APPROVED","DISTINCT_AIRPORT_APRON_OR_RUNWAY_INFO; DO_NOT_DEDUP_WITHOUT_CHECK"
"1249","LTFM","30-9D","Airport","Airport","INS COORDINATES","INS COORDINATES","INDIVIDUAL_200DPI_JPEG_1700x2200","INDIVIDUAL_200DPI_IMAGE_RENDERED; SOURCE_TEXT_SCREENED; NATIVE_SIZE_VISUAL_REVIEW_PENDING","NO_NEW_GEOREFERENCE_APPROVED","DISTINCT_AIRPORT_APRON_OR_RUNWAY_INFO; DO_NOT_DEDUP_WITHOUT_CHECK"
"1250","LTFM","30-9E","Airport","Airport","INS COORDINATES","INS COORDINATES","INDIVIDUAL_200DPI_JPEG_1700x2200","INDIVIDUAL_200DPI_IMAGE_RENDERED; SOURCE_TEXT_SCREENED; NATIVE_SIZE_VISUAL_REVIEW_PENDING","NO_NEW_GEOREFERENCE_APPROVED","DISTINCT_AIRPORT_APRON_OR_RUNWAY_INFO; DO_NOT_DEDUP_WITHOUT_CHECK"
"1251","LTFM","30-9F","Airport","Airport","TAXI ROUTES ARRIVAL RWYS 16R, 34L (1A, 1B)","TAXI ROUTES ARRIVAL RWYS 16R, 34L (1A, 1B)","INDIVIDUAL_200DPI_JPEG_1700x2200","INDIVIDUAL_200DPI_IMAGE_RENDERED; SOURCE_TEXT_SCREENED; NATIVE_SIZE_VISUAL_REVIEW_PENDING","NO_NEW_GEOREFERENCE_APPROVED","DISTINCT_AIRPORT_APRON_OR_RUNWAY_INFO; DO_NOT_DEDUP_WITHOUT_CHECK"
"1252","LTFM","30-9F1","Airport","Airport","TAXI ROUTES ARRIVAL RWYS 17L, 35R (2A, 2B)","TAXI ROUTES ARRIVAL RWYS 17L, 35R (2A, 2B)","INDIVIDUAL_200DPI_JPEG_1700x2200","INDIVIDUAL_200DPI_IMAGE_RENDERED; SOURCE_TEXT_SCREENED; NATIVE_SIZE_VISUAL_REVIEW_PENDING","NO_NEW_GEOREFERENCE_APPROVED","DISTINCT_AIRPORT_APRON_OR_RUNWAY_INFO; DO_NOT_DEDUP_WITHOUT_CHECK"
"1253","LTFM","30-9F2","Airport","Airport","TAXI ROUTES ARRIVAL RWYS 17L, 35R (2C, 2D)","TAXI ROUTES ARRIVAL RWYS 17L, 35R (2C, 2D)","INDIVIDUAL_200DPI_JPEG_1700x2200","INDIVIDUAL_200DPI_IMAGE_RENDERED; SOURCE_TEXT_SCREENED; NATIVE_SIZE_VISUAL_REVIEW_PENDING","NO_NEW_GEOREFERENCE_APPROVED","DISTINCT_AIRPORT_APRON_OR_RUNWAY_INFO; DO_NOT_DEDUP_WITHOUT_CHECK"
"1254","LTFM","30-9F3","Airport","Airport","TAXI ROUTES ARRIVAL RWYS 17L, 35R (2E)","TAXI ROUTES ARRIVAL RWYS 17L, 35R (2E)","INDIVIDUAL_200DPI_JPEG_1700x2200","INDIVIDUAL_200DPI_IMAGE_RENDERED; SOURCE_TEXT_SCREENED; NATIVE_SIZE_VISUAL_REVIEW_PENDING","NO_NEW_GEOREFERENCE_APPROVED","DISTINCT_AIRPORT_APRON_OR_RUNWAY_INFO; DO_NOT_DEDUP_WITHOUT_CHECK"
"1255","LTFM","30-9F4","Airport","Airport","TAXI ROUTES ARRIVAL RWY 18 (3F, 3G)","TAXI ROUTES ARRIVAL RWY 18 (3F, 3G)","INDIVIDUAL_200DPI_JPEG_1700x2200","INDIVIDUAL_200DPI_IMAGE_RENDERED; SOURCE_TEXT_SCREENED; NATIVE_SIZE_VISUAL_REVIEW_PENDING","NO_NEW_GEOREFERENCE_APPROVED","DISTINCT_AIRPORT_APRON_OR_RUNWAY_INFO; DO_NOT_DEDUP_WITHOUT_CHECK"
"1256","LTFM","30-9F5","Airport","Airport","TAXI ROUTES ARRIVAL RWY 18 (3H)","TAXI ROUTES ARRIVAL RWY 18 (3H)","INDIVIDUAL_200DPI_JPEG_1700x2200","INDIVIDUAL_200DPI_IMAGE_RENDERED; SOURCE_TEXT_SCREENED; NATIVE_SIZE_VISUAL_REVIEW_PENDING","NO_NEW_GEOREFERENCE_APPROVED","DISTINCT_AIRPORT_APRON_OR_RUNWAY_INFO; DO_NOT_DEDUP_WITHOUT_CHECK"
"1257","LTFM","30-9F6","Airport","Airport","TAXI ROUTES ARRIVAL RWY 36 (3A, 3B)","TAXI ROUTES ARRIVAL RWY 36 (3A, 3B)","INDIVIDUAL_200DPI_JPEG_1700x2200","INDIVIDUAL_200DPI_IMAGE_RENDERED; SOURCE_TEXT_SCREENED; NATIVE_SIZE_VISUAL_REVIEW_PENDING","NO_NEW_GEOREFERENCE_APPROVED","DISTINCT_AIRPORT_APRON_OR_RUNWAY_INFO; DO_NOT_DEDUP_WITHOUT_CHECK"
"1258","LTFM","30-9F7","Airport","Airport","TAXI ROUTES ARRIVAL RWY 36 (3C, 3D)","TAXI ROUTES ARRIVAL RWY 36 (3C, 3D)","INDIVIDUAL_200DPI_JPEG_1700x2200","INDIVIDUAL_200DPI_IMAGE_RENDERED; SOURCE_TEXT_SCREENED; NATIVE_SIZE_VISUAL_REVIEW_PENDING","NO_NEW_GEOREFERENCE_APPROVED","DISTINCT_AIRPORT_APRON_OR_RUNWAY_INFO; DO_NOT_DEDUP_WITHOUT_CHECK"
"1259","LTFM","30-9F8","Airport","Airport","TAXI ROUTES ARRIVAL RWY 36 (3E)","TAXI ROUTES ARRIVAL RWY 36 (3E)","INDIVIDUAL_200DPI_JPEG_1700x2200","INDIVIDUAL_200DPI_IMAGE_RENDERED; SOURCE_TEXT_SCREENED; NATIVE_SIZE_VISUAL_REVIEW_PENDING","NO_NEW_GEOREFERENCE_APPROVED","DISTINCT_AIRPORT_APRON_OR_RUNWAY_INFO; DO_NOT_DEDUP_WITHOUT_CHECK"
"1260","LTFM","30-9G","Airport","Airport","TAXI ROUTES DEPARTURE RWY 09 (4A)","TAXI ROUTES DEPARTURE RWY 09 (4A)","INDIVIDUAL_200DPI_JPEG_1700x2200","INDIVIDUAL_200DPI_IMAGE_RENDERED; SOURCE_TEXT_SCREENED; NATIVE_SIZE_VISUAL_REVIEW_PENDING","NO_NEW_GEOREFERENCE_APPROVED","DISTINCT_AIRPORT_APRON_OR_RUNWAY_INFO; DO_NOT_DEDUP_WITHOUT_CHECK"
"1261","LTFM","30-9G1","Airport","Airport","TAXI ROUTES DEPARTURE RWY 16R (OR 16L)","TAXI ROUTES DEPARTURE RWY 16R (OR 16L)","INDIVIDUAL_200DPI_JPEG_1700x2200","INDIVIDUAL_200DPI_IMAGE_RENDERED; SOURCE_TEXT_SCREENED; NATIVE_SIZE_VISUAL_REVIEW_PENDING","NO_NEW_GEOREFERENCE_APPROVED","DISTINCT_AIRPORT_APRON_OR_RUNWAY_INFO; DO_NOT_DEDUP_WITHOUT_CHECK"
"1262","LTFM","30-9G2","Airport","Airport","TAXI ROUTES DEPARTURE RWY 17L (2G, 2H)","TAXI ROUTES DEPARTURE RWY 17L (2G, 2H)","INDIVIDUAL_200DPI_JPEG_1700x2200","INDIVIDUAL_200DPI_IMAGE_RENDERED; SOURCE_TEXT_SCREENED; NATIVE_SIZE_VISUAL_REVIEW_PENDING","NO_NEW_GEOREFERENCE_APPROVED","DISTINCT_AIRPORT_APRON_OR_RUNWAY_INFO; DO_NOT_DEDUP_WITHOUT_CHECK"
"1263","LTFM","30-9G3","Airport","Airport","TAXI ROUTES DEPARTURE RWY 17R (2F, 2G)","TAXI ROUTES DEPARTURE RWY 17R (2F, 2G)","INDIVIDUAL_200DPI_JPEG_1700x2200","INDIVIDUAL_200DPI_IMAGE_RENDERED; SOURCE_TEXT_SCREENED; NATIVE_SIZE_VISUAL_REVIEW_PENDING","NO_NEW_GEOREFERENCE_APPROVED","DISTINCT_AIRPORT_APRON_OR_RUNWAY_INFO; DO_NOT_DEDUP_WITHOUT_CHECK"
"1264","LTFM","30-9G4","Airport","Airport","TAXI ROUTES DEPARTURE RWY 18 (3F, 3G)","TAXI ROUTES DEPARTURE RWY 18 (3F, 3G)","INDIVIDUAL_200DPI_JPEG_1700x2200","INDIVIDUAL_200DPI_IMAGE_RENDERED; SOURCE_TEXT_SCREENED; NATIVE_SIZE_VISUAL_REVIEW_PENDING","NO_NEW_GEOREFERENCE_APPROVED","DISTINCT_AIRPORT_APRON_OR_RUNWAY_INFO; DO_NOT_DEDUP_WITHOUT_CHECK"
"1265","LTFM","30-9G5","Airport","Airport","TAXI ROUTES DEPARTURE RWY 34L (OR 34R)","TAXI ROUTES DEPARTURE RWY 34L (OR 34R)","INDIVIDUAL_200DPI_JPEG_1700x2200","4UP_200DPI_VISUAL_SCREENED","NO_NEW_GEOREFERENCE_APPROVED","DISTINCT_AIRPORT_APRON_OR_RUNWAY_INFO; DO_NOT_DEDUP_WITHOUT_CHECK"
"1266","LTFM","30-9G6","Airport","Airport","TAXI ROUTES DEPARTURE RWY 35L (2A, 2B)","TAXI ROUTES DEPARTURE RWY 35L (2A, 2B)","INDIVIDUAL_200DPI_JPEG_1700x2200","4UP_200DPI_VISUAL_SCREENED","NO_NEW_GEOREFERENCE_APPROVED","DISTINCT_AIRPORT_APRON_OR_RUNWAY_INFO; DO_NOT_DEDUP_WITHOUT_CHECK"
"1267","LTFM","30-9G7","Airport","Airport","TAXI ROUTES DEPARTURE RWY 35L (2D)","TAXI ROUTES DEPARTURE RWY 35L (2D)","INDIVIDUAL_200DPI_JPEG_1700x2200","4UP_200DPI_VISUAL_SCREENED","NO_NEW_GEOREFERENCE_APPROVED","DISTINCT_AIRPORT_APRON_OR_RUNWAY_INFO; DO_NOT_DEDUP_WITHOUT_CHECK"
"1268","LTFM","30-9G8","Airport","Airport","TAXI ROUTES DEPARTURE RWY 35R (2B, 2C)","TAXI ROUTES DEPARTURE RWY 35R (2B, 2C)","INDIVIDUAL_200DPI_JPEG_1700x2200","4UP_200DPI_VISUAL_SCREENED","NO_NEW_GEOREFERENCE_APPROVED","DISTINCT_AIRPORT_APRON_OR_RUNWAY_INFO; DO_NOT_DEDUP_WITHOUT_CHECK"
"1269","LTFM","30-9G9","Airport","Airport","TAXI ROUTES DEPARTURE RWY 35R (2D)","TAXI ROUTES DEPARTURE RWY 35R (2D)","INDIVIDUAL_200DPI_JPEG_1700x2200","INDIVIDUAL_200DPI_IMAGE_RENDERED; SOURCE_TEXT_SCREENED; NATIVE_SIZE_VISUAL_REVIEW_PENDING","NO_NEW_GEOREFERENCE_APPROVED","DISTINCT_AIRPORT_APRON_OR_RUNWAY_INFO; DO_NOT_DEDUP_WITHOUT_CHECK"
"1270","LTFM","30-9G10","Airport","Airport","TAXI ROUTES DEPARTURE RWY 36 (3A, 3B)","TAXI ROUTES DEPARTURE RWY 36 (3A, 3B)","INDIVIDUAL_200DPI_JPEG_1700x2200","INDIVIDUAL_200DPI_IMAGE_RENDERED; SOURCE_TEXT_SCREENED; NATIVE_SIZE_VISUAL_REVIEW_PENDING","NO_NEW_GEOREFERENCE_APPROVED","DISTINCT_AIRPORT_APRON_OR_RUNWAY_INFO; DO_NOT_DEDUP_WITHOUT_CHECK"
"1271","LTFM","30-9G11","Airport","Airport","TAXI ROUTES DEPARTURE RWY 36 (3C)","TAXI ROUTES DEPARTURE RWY 36 (3C)","INDIVIDUAL_200DPI_JPEG_1700x2200","INDIVIDUAL_200DPI_IMAGE_RENDERED; SOURCE_TEXT_SCREENED; NATIVE_SIZE_VISUAL_REVIEW_PENDING","NO_NEW_GEOREFERENCE_APPROVED","DISTINCT_AIRPORT_APRON_OR_RUNWAY_INFO; DO_NOT_DEDUP_WITHOUT_CHECK"
"1272","LTFM","30-9H","Airport","Airport","TAXIWAY RESTRICTIONS","TAXIWAY RESTRICTIONS","INDIVIDUAL_200DPI_JPEG_1700x2200","INDIVIDUAL_200DPI_IMAGE_RENDERED; SOURCE_TEXT_SCREENED; NATIVE_SIZE_VISUAL_REVIEW_PENDING","NO_NEW_GEOREFERENCE_APPROVED","DISTINCT_AIRPORT_APRON_OR_RUNWAY_INFO; DO_NOT_DEDUP_WITHOUT_CHECK"
"1273","LTFM","30-9J","Airport","Airport","PUSHBACK PROCEDURES","PUSHBACK PROCEDURES","INDIVIDUAL_200DPI_JPEG_1700x2200","INDIVIDUAL_200DPI_IMAGE_RENDERED; SOURCE_TEXT_SCREENED; NATIVE_SIZE_VISUAL_REVIEW_PENDING","NO_NEW_GEOREFERENCE_APPROVED","DISTINCT_AIRPORT_APRON_OR_RUNWAY_INFO; DO_NOT_DEDUP_WITHOUT_CHECK"
"1274","LTFM","30-9J1","Airport","Airport","PUSHBACK PROCEDURES","PUSHBACK PROCEDURES","INDIVIDUAL_200DPI_JPEG_1700x2200","INDIVIDUAL_200DPI_IMAGE_RENDERED; SOURCE_TEXT_SCREENED; NATIVE_SIZE_VISUAL_REVIEW_PENDING","NO_NEW_GEOREFERENCE_APPROVED","DISTINCT_AIRPORT_APRON_OR_RUNWAY_INFO; DO_NOT_DEDUP_WITHOUT_CHECK"
"1275","LTFM","30-9J2","Airport","Airport","PUSHBACK PROCEDURES","PUSHBACK PROCEDURES","INDIVIDUAL_200DPI_JPEG_1700x2200","INDIVIDUAL_200DPI_IMAGE_RENDERED; SOURCE_TEXT_SCREENED; NATIVE_SIZE_VISUAL_REVIEW_PENDING","NO_NEW_GEOREFERENCE_APPROVED","DISTINCT_AIRPORT_APRON_OR_RUNWAY_INFO; DO_NOT_DEDUP_WITHOUT_CHECK"
"1276","LTFM","30-9J3","Airport","Airport","PUSHBACK PROCEDURES","PUSHBACK PROCEDURES","INDIVIDUAL_200DPI_JPEG_1700x2200","INDIVIDUAL_200DPI_IMAGE_RENDERED; SOURCE_TEXT_SCREENED; NATIVE_SIZE_VISUAL_REVIEW_PENDING","NO_NEW_GEOREFERENCE_APPROVED","DISTINCT_AIRPORT_APRON_OR_RUNWAY_INFO; DO_NOT_DEDUP_WITHOUT_CHECK"
"1277","LTFM","30-9J4","Airport","Airport","PUSHBACK PROCEDURES","PUSHBACK PROCEDURES","INDIVIDUAL_200DPI_JPEG_1700x2200","INDIVIDUAL_200DPI_IMAGE_RENDERED; SOURCE_TEXT_SCREENED; NATIVE_SIZE_VISUAL_REVIEW_PENDING","NO_NEW_GEOREFERENCE_APPROVED","DISTINCT_AIRPORT_APRON_OR_RUNWAY_INFO; DO_NOT_DEDUP_WITHOUT_CHECK"
"1278","LTFM","30-9J5","Airport","Airport","PUSHBACK PROCEDURES","PUSHBACK PROCEDURES","INDIVIDUAL_200DPI_JPEG_1700x2200","INDIVIDUAL_200DPI_IMAGE_RENDERED; SOURCE_TEXT_SCREENED; NATIVE_SIZE_VISUAL_REVIEW_PENDING","NO_NEW_GEOREFERENCE_APPROVED","DISTINCT_AIRPORT_APRON_OR_RUNWAY_INFO; DO_NOT_DEDUP_WITHOUT_CHECK"
"1279","LTFM","30-9J6","Airport","Airport","PUSHBACK PROCEDURES","PUSHBACK PROCEDURES","INDIVIDUAL_200DPI_JPEG_1700x2200","INDIVIDUAL_200DPI_IMAGE_RENDERED; SOURCE_TEXT_SCREENED; NATIVE_SIZE_VISUAL_REVIEW_PENDING","NO_NEW_GEOREFERENCE_APPROVED","DISTINCT_AIRPORT_APRON_OR_RUNWAY_INFO; DO_NOT_DEDUP_WITHOUT_CHECK"
"1280","LTFM","30-9J7","Airport","Airport","PUSHBACK PROCEDURES","PUSHBACK PROCEDURES","INDIVIDUAL_200DPI_JPEG_1700x2200","INDIVIDUAL_200DPI_IMAGE_RENDERED; SOURCE_TEXT_SCREENED; NATIVE_SIZE_VISUAL_REVIEW_PENDING","NO_NEW_GEOREFERENCE_APPROVED","DISTINCT_AIRPORT_APRON_OR_RUNWAY_INFO; DO_NOT_DEDUP_WITHOUT_CHECK"
"1281","LTFM","30-9J8","Airport","Airport","PUSHBACK PROCEDURES","PUSHBACK PROCEDURES","INDIVIDUAL_200DPI_JPEG_1700x2200","INDIVIDUAL_200DPI_IMAGE_RENDERED; SOURCE_TEXT_SCREENED; NATIVE_SIZE_VISUAL_REVIEW_PENDING","NO_NEW_GEOREFERENCE_APPROVED","DISTINCT_AIRPORT_APRON_OR_RUNWAY_INFO; DO_NOT_DEDUP_WITHOUT_CHECK"
"1282","LTFM","30-9J9","Airport","Airport","PUSHBACK PROCEDURES","PUSHBACK PROCEDURES","INDIVIDUAL_200DPI_JPEG_1700x2200","INDIVIDUAL_200DPI_IMAGE_RENDERED; SOURCE_TEXT_SCREENED; NATIVE_SIZE_VISUAL_REVIEW_PENDING","NO_NEW_GEOREFERENCE_APPROVED","DISTINCT_AIRPORT_APRON_OR_RUNWAY_INFO; DO_NOT_DEDUP_WITHOUT_CHECK"
"1283","LTFM","30-9J10","Airport","Airport","PUSHBACK PROCEDURES","PUSHBACK PROCEDURES","INDIVIDUAL_200DPI_JPEG_1700x2200","INDIVIDUAL_200DPI_IMAGE_RENDERED; SOURCE_TEXT_SCREENED; NATIVE_SIZE_VISUAL_REVIEW_PENDING","NO_NEW_GEOREFERENCE_APPROVED","DISTINCT_AIRPORT_APRON_OR_RUNWAY_INFO; DO_NOT_DEDUP_WITHOUT_CHECK"
"1284","LTFM","30-9J11","Airport","Airport","PUSHBACK PROCEDURES","PUSHBACK PROCEDURES","INDIVIDUAL_200DPI_JPEG_1700x2200","INDIVIDUAL_200DPI_IMAGE_RENDERED; SOURCE_TEXT_SCREENED; NATIVE_SIZE_VISUAL_REVIEW_PENDING","NO_NEW_GEOREFERENCE_APPROVED","DISTINCT_AIRPORT_APRON_OR_RUNWAY_INFO; DO_NOT_DEDUP_WITHOUT_CHECK"
"1285","LTFM","30-9J12","Airport","Airport","PUSHBACK PROCEDURES","PUSHBACK PROCEDURES","INDIVIDUAL_200DPI_JPEG_1700x2200","INDIVIDUAL_200DPI_IMAGE_RENDERED; SOURCE_TEXT_SCREENED; NATIVE_SIZE_VISUAL_REVIEW_PENDING","NO_NEW_GEOREFERENCE_APPROVED","DISTINCT_AIRPORT_APRON_OR_RUNWAY_INFO; DO_NOT_DEDUP_WITHOUT_CHECK"
"1286","LTFM","30-9K","Airport","Airport","Airport Diagram Chart (ADC) - CODE F","Airport Diagram Chart (ADC) - CODE F","INDIVIDUAL_200DPI_JPEG_1700x2200","INDIVIDUAL_200DPI_IMAGE_RENDERED; SOURCE_TEXT_SCREENED; NATIVE_SIZE_VISUAL_REVIEW_PENDING","NO_NEW_GEOREFERENCE_APPROVED","DISTINCT_AIRPORT_APRON_OR_RUNWAY_INFO; DO_NOT_DEDUP_WITHOUT_CHECK"
"1287","LTFM","30-9U","Airport","Airport","REMOTE PARK AREA HOLDING PROCEDURE","REMOTE PARK AREA HOLDING PROCEDURE","INDIVIDUAL_200DPI_JPEG_1700x2200","INDIVIDUAL_200DPI_IMAGE_RENDERED; SOURCE_TEXT_SCREENED; NATIVE_SIZE_VISUAL_REVIEW_PENDING","NO_NEW_GEOREFERENCE_APPROVED","DISTINCT_AIRPORT_APRON_OR_RUNWAY_INFO; DO_NOT_DEDUP_WITHOUT_CHECK"
"1288","LTFM","30-9U1","Airport","Airport","REMOTE PARK AREA HOLDING PROCEDURE","REMOTE PARK AREA HOLDING PROCEDURE","INDIVIDUAL_200DPI_JPEG_1700x2200","INDIVIDUAL_200DPI_IMAGE_RENDERED; SOURCE_TEXT_SCREENED; NATIVE_SIZE_VISUAL_REVIEW_PENDING","NO_NEW_GEOREFERENCE_APPROVED","DISTINCT_AIRPORT_APRON_OR_RUNWAY_INFO; DO_NOT_DEDUP_WITHOUT_CHECK"
"1289","LTFM","","Approach","Approach","ILS Z OR LOC Z RWY 16R","ILS Z OR LOC Z RWY 16R","INDIVIDUAL_200DPI_JPEG_1700x2200","4UP_200DPI_VISUAL_SCREENED","NO_NEW_GEOREFERENCE_APPROVED",""
"1290","LTFM","","Approach","Approach","ILS Z OR LOC Z RWY 16R","ILS Z OR LOC Z RWY 16R","INDIVIDUAL_200DPI_JPEG_1700x2200","4UP_200DPI_VISUAL_SCREENED","NO_NEW_GEOREFERENCE_APPROVED",""
"1291","LTFM","31-2","Approach","Approach","ILS Y RWY 16R","ILS Y RWY 16R","INDIVIDUAL_200DPI_JPEG_1700x2200","4UP_200DPI_VISUAL_SCREENED","NO_NEW_GEOREFERENCE_APPROVED",""
"1292","LTFM","31-2A","Approach","Approach","CAT II/III ILS Y RWY 16R","CAT II/III ILS Y RWY 16R","INDIVIDUAL_200DPI_JPEG_1700x2200","4UP_200DPI_VISUAL_SCREENED","NO_NEW_GEOREFERENCE_APPROVED",""
"1293","LTFM","","Approach","Approach","ILS X OR LOC X RWY 16R","ILS X OR LOC X RWY 16R","INDIVIDUAL_200DPI_JPEG_1700x2200","INDIVIDUAL_200DPI_IMAGE_RENDERED; SOURCE_TEXT_SCREENED; NATIVE_SIZE_VISUAL_REVIEW_PENDING","NO_NEW_GEOREFERENCE_APPROVED",""
"1294","LTFM","","Approach","Approach","ILS X OR LOC X RWY 16R","ILS X OR LOC X RWY 16R","INDIVIDUAL_200DPI_JPEG_1700x2200","INDIVIDUAL_200DPI_IMAGE_RENDERED; SOURCE_TEXT_SCREENED; NATIVE_SIZE_VISUAL_REVIEW_PENDING","NO_NEW_GEOREFERENCE_APPROVED",""
"1295","LTFM","31-3","Approach","Approach","VOR Z RWY 16R","VOR Z RWY 16R","INDIVIDUAL_200DPI_JPEG_1700x2200","INDIVIDUAL_200DPI_IMAGE_RENDERED; SOURCE_TEXT_SCREENED; NATIVE_SIZE_VISUAL_REVIEW_PENDING","NO_NEW_GEOREFERENCE_APPROVED",""
"1296","LTFM","31-4","Approach","Approach","ILS Z RWY 17L","ILS Z RWY 17L","INDIVIDUAL_200DPI_JPEG_1700x2200","INDIVIDUAL_200DPI_IMAGE_RENDERED; SOURCE_TEXT_SCREENED; NATIVE_SIZE_VISUAL_REVIEW_PENDING","NO_NEW_GEOREFERENCE_APPROVED",""
"1297","LTFM","31-4A","Approach","Approach","CAT II/III ILS Z RWY 17L","CAT II/III ILS Z RWY 17L","INDIVIDUAL_200DPI_JPEG_1700x2200","INDIVIDUAL_200DPI_IMAGE_RENDERED; SOURCE_TEXT_SCREENED; NATIVE_SIZE_VISUAL_REVIEW_PENDING","NO_NEW_GEOREFERENCE_APPROVED",""
"1298","LTFM","31-5","Approach","Approach","ILS Y RWY 17L","ILS Y RWY 17L","INDIVIDUAL_200DPI_JPEG_1700x2200","INDIVIDUAL_200DPI_IMAGE_RENDERED; SOURCE_TEXT_SCREENED; NATIVE_SIZE_VISUAL_REVIEW_PENDING","NO_NEW_GEOREFERENCE_APPROVED",""
"1299","LTFM","31-5A","Approach","Approach","CAT II/III ILS Y RWY 17L","CAT II/III ILS Y RWY 17L","INDIVIDUAL_200DPI_JPEG_1700x2200","INDIVIDUAL_200DPI_IMAGE_RENDERED; SOURCE_TEXT_SCREENED; NATIVE_SIZE_VISUAL_REVIEW_PENDING","NO_NEW_GEOREFERENCE_APPROVED",""
"1300","LTFM","31-5B","Approach","Approach","ILS X RWY 17L","ILS X RWY 17L","INDIVIDUAL_200DPI_JPEG_1700x2200","INDIVIDUAL_200DPI_IMAGE_RENDERED; SOURCE_TEXT_SCREENED; NATIVE_SIZE_VISUAL_REVIEW_PENDING","NO_NEW_GEOREFERENCE_APPROVED",""
"1301","LTFM","31-5C","Approach","Approach","CAT II/III ILS X RWY 17L","CAT II/III ILS X RWY 17L","INDIVIDUAL_200DPI_JPEG_1700x2200","INDIVIDUAL_200DPI_IMAGE_RENDERED; SOURCE_TEXT_SCREENED; NATIVE_SIZE_VISUAL_REVIEW_PENDING","NO_NEW_GEOREFERENCE_APPROVED",""
"1302","LTFM","31-6","Approach","Approach","VOR Z RWY 17L","VOR Z RWY 17L","INDIVIDUAL_200DPI_JPEG_1700x2200","INDIVIDUAL_200DPI_IMAGE_RENDERED; SOURCE_TEXT_SCREENED; NATIVE_SIZE_VISUAL_REVIEW_PENDING","NO_NEW_GEOREFERENCE_APPROVED",""
"1303","LTFM","","Approach","Approach","ILS Z OR LOC Z RWY 18","ILS Z OR LOC Z RWY 18","INDIVIDUAL_200DPI_JPEG_1700x2200","INDIVIDUAL_200DPI_IMAGE_RENDERED; SOURCE_TEXT_SCREENED; NATIVE_SIZE_VISUAL_REVIEW_PENDING","NO_NEW_GEOREFERENCE_APPROVED",""
"1304","LTFM","","Approach","Approach","ILS Z OR LOC Z RWY 18","ILS Z OR LOC Z RWY 18","INDIVIDUAL_200DPI_JPEG_1700x2200","INDIVIDUAL_200DPI_IMAGE_RENDERED; SOURCE_TEXT_SCREENED; NATIVE_SIZE_VISUAL_REVIEW_PENDING","NO_NEW_GEOREFERENCE_APPROVED",""
"1305","LTFM","31-7B","Approach","Approach","ILS Y RWY 18","ILS Y RWY 18","INDIVIDUAL_200DPI_JPEG_1700x2200","INDIVIDUAL_200DPI_IMAGE_RENDERED; SOURCE_TEXT_SCREENED; NATIVE_SIZE_VISUAL_REVIEW_PENDING","NO_NEW_GEOREFERENCE_APPROVED",""
"1306","LTFM","31-7C","Approach","Approach","CAT II/III ILS Y RWY 18","CAT II/III ILS Y RWY 18","INDIVIDUAL_200DPI_JPEG_1700x2200","INDIVIDUAL_200DPI_IMAGE_RENDERED; SOURCE_TEXT_SCREENED; NATIVE_SIZE_VISUAL_REVIEW_PENDING","NO_NEW_GEOREFERENCE_APPROVED",""
"1307","LTFM","","Approach","Approach","ILS X OR LOC X RWY 18","ILS X OR LOC X RWY 18","INDIVIDUAL_200DPI_JPEG_1700x2200","INDIVIDUAL_200DPI_IMAGE_RENDERED; SOURCE_TEXT_SCREENED; NATIVE_SIZE_VISUAL_REVIEW_PENDING","NO_NEW_GEOREFERENCE_APPROVED",""
"1308","LTFM","","Approach","Approach","ILS X OR LOC X RWY 18","ILS X OR LOC X RWY 18","INDIVIDUAL_200DPI_JPEG_1700x2200","INDIVIDUAL_200DPI_IMAGE_RENDERED; SOURCE_TEXT_SCREENED; NATIVE_SIZE_VISUAL_REVIEW_PENDING","NO_NEW_GEOREFERENCE_APPROVED",""
"1309","LTFM","","Approach","Approach","VOR Z RWY 18","VOR Z RWY 18","INDIVIDUAL_200DPI_JPEG_1700x2200","INDIVIDUAL_200DPI_IMAGE_RENDERED; SOURCE_TEXT_SCREENED; NATIVE_SIZE_VISUAL_REVIEW_PENDING","NO_NEW_GEOREFERENCE_APPROVED",""
"1310","LTFM","31-11","Approach","Approach","ILS Z RWY 34L","ILS Z RWY 34L","INDIVIDUAL_200DPI_JPEG_1700x2200","INDIVIDUAL_200DPI_IMAGE_RENDERED; SOURCE_TEXT_SCREENED; NATIVE_SIZE_VISUAL_REVIEW_PENDING","NO_NEW_GEOREFERENCE_APPROVED",""
"1311","LTFM","31-11A","Approach","Approach","CAT II/III ILS Z RWY 34L","CAT II/III ILS Z RWY 34L","INDIVIDUAL_200DPI_JPEG_1700x2200","INDIVIDUAL_200DPI_IMAGE_RENDERED; SOURCE_TEXT_SCREENED; NATIVE_SIZE_VISUAL_REVIEW_PENDING","NO_NEW_GEOREFERENCE_APPROVED",""
"1312","LTFM","31-12","Approach","Approach","ILS Y RWY 34L","ILS Y RWY 34L","INDIVIDUAL_200DPI_JPEG_1700x2200","INDIVIDUAL_200DPI_IMAGE_RENDERED; SOURCE_TEXT_SCREENED; NATIVE_SIZE_VISUAL_REVIEW_PENDING","NO_NEW_GEOREFERENCE_APPROVED",""
"1313","LTFM","31-12A","Approach","Approach","CAT II/III ILS Y RWY 34L","CAT II/III ILS Y RWY 34L","INDIVIDUAL_200DPI_JPEG_1700x2200","INDIVIDUAL_200DPI_IMAGE_RENDERED; SOURCE_TEXT_SCREENED; NATIVE_SIZE_VISUAL_REVIEW_PENDING","NO_NEW_GEOREFERENCE_APPROVED",""
"1314","LTFM","31-12B","Approach","Approach","ILS X RWY 34L","ILS X RWY 34L","INDIVIDUAL_200DPI_JPEG_1700x2200","INDIVIDUAL_200DPI_IMAGE_RENDERED; SOURCE_TEXT_SCREENED; NATIVE_SIZE_VISUAL_REVIEW_PENDING","NO_NEW_GEOREFERENCE_APPROVED",""
"1315","LTFM","31-12C","Approach","Approach","CAT II/III ILS X RWY 34L","CAT II/III ILS X RWY 34L","INDIVIDUAL_200DPI_JPEG_1700x2200","INDIVIDUAL_200DPI_IMAGE_RENDERED; SOURCE_TEXT_SCREENED; NATIVE_SIZE_VISUAL_REVIEW_PENDING","NO_NEW_GEOREFERENCE_APPROVED",""
"1316","LTFM","31-13","Approach","Approach","VOR Z RWY 34L","VOR Z RWY 34L","INDIVIDUAL_200DPI_JPEG_1700x2200","INDIVIDUAL_200DPI_IMAGE_RENDERED; SOURCE_TEXT_SCREENED; NATIVE_SIZE_VISUAL_REVIEW_PENDING","NO_NEW_GEOREFERENCE_APPROVED",""
"1317","LTFM","31-14","Approach","Approach","ILS Z RWY 35R","ILS Z RWY 35R","INDIVIDUAL_200DPI_JPEG_1700x2200","INDIVIDUAL_200DPI_IMAGE_RENDERED; SOURCE_TEXT_SCREENED; NATIVE_SIZE_VISUAL_REVIEW_PENDING","NO_NEW_GEOREFERENCE_APPROVED",""
"1318","LTFM","31-14A","Approach","Approach","CAT II/III ILS Z RWY 35R","CAT II/III ILS Z RWY 35R","INDIVIDUAL_200DPI_JPEG_1700x2200","INDIVIDUAL_200DPI_IMAGE_RENDERED; SOURCE_TEXT_SCREENED; NATIVE_SIZE_VISUAL_REVIEW_PENDING","NO_NEW_GEOREFERENCE_APPROVED",""
"1319","LTFM","","Approach","Approach","ILS Y OR LOC Y RWY 35R","ILS Y OR LOC Y RWY 35R","INDIVIDUAL_200DPI_JPEG_1700x2200","INDIVIDUAL_200DPI_IMAGE_RENDERED; SOURCE_TEXT_SCREENED; NATIVE_SIZE_VISUAL_REVIEW_PENDING","NO_NEW_GEOREFERENCE_APPROVED",""
"1320","LTFM","","Approach","Approach","ILS Y OR LOC Y RWY 35R","ILS Y OR LOC Y RWY 35R","INDIVIDUAL_200DPI_JPEG_1700x2200","INDIVIDUAL_200DPI_IMAGE_RENDERED; SOURCE_TEXT_SCREENED; NATIVE_SIZE_VISUAL_REVIEW_PENDING","NO_NEW_GEOREFERENCE_APPROVED",""
"1321","LTFM","31-15B","Approach","Approach","ILS X RWY 35R","ILS X RWY 35R","INDIVIDUAL_200DPI_JPEG_1700x2200","INDIVIDUAL_200DPI_IMAGE_RENDERED; SOURCE_TEXT_SCREENED; NATIVE_SIZE_VISUAL_REVIEW_PENDING","NO_NEW_GEOREFERENCE_APPROVED",""
"1322","LTFM","31-15C","Approach","Approach","CAT II/III ILS X RWY 35R","CAT II/III ILS X RWY 35R","INDIVIDUAL_200DPI_JPEG_1700x2200","INDIVIDUAL_200DPI_IMAGE_RENDERED; SOURCE_TEXT_SCREENED; NATIVE_SIZE_VISUAL_REVIEW_PENDING","NO_NEW_GEOREFERENCE_APPROVED",""
"1323","LTFM","","Approach","Approach","VOR Z RWY 35R","VOR Z RWY 35R","INDIVIDUAL_200DPI_JPEG_1700x2200","INDIVIDUAL_200DPI_IMAGE_RENDERED; SOURCE_TEXT_SCREENED; NATIVE_SIZE_VISUAL_REVIEW_PENDING","NO_NEW_GEOREFERENCE_APPROVED",""
"1324","LTFM","","Approach","Approach","ILS Z OR LOC Z RWY 36","ILS Z OR LOC Z RWY 36","INDIVIDUAL_200DPI_JPEG_1700x2200","INDIVIDUAL_200DPI_IMAGE_RENDERED; SOURCE_TEXT_SCREENED; NATIVE_SIZE_VISUAL_REVIEW_PENDING","NO_NEW_GEOREFERENCE_APPROVED",""
"1325","LTFM","31-17A","Approach","Approach","CAT II/III ILS Z RWY 36","CAT II/III ILS Z RWY 36","INDIVIDUAL_200DPI_JPEG_1700x2200","INDIVIDUAL_200DPI_IMAGE_RENDERED; SOURCE_TEXT_SCREENED; NATIVE_SIZE_VISUAL_REVIEW_PENDING","NO_NEW_GEOREFERENCE_APPROVED",""
"1326","LTFM","","Approach","Approach","ILS Y OR LOC Y RWY 36","ILS Y OR LOC Y RWY 36","INDIVIDUAL_200DPI_JPEG_1700x2200","INDIVIDUAL_200DPI_IMAGE_RENDERED; SOURCE_TEXT_SCREENED; NATIVE_SIZE_VISUAL_REVIEW_PENDING","NO_NEW_GEOREFERENCE_APPROVED",""
"1327","LTFM","","Approach","Approach","ILS Y OR LOC Y RWY 36","ILS Y OR LOC Y RWY 36","INDIVIDUAL_200DPI_JPEG_1700x2200","INDIVIDUAL_200DPI_IMAGE_RENDERED; SOURCE_TEXT_SCREENED; NATIVE_SIZE_VISUAL_REVIEW_PENDING","NO_NEW_GEOREFERENCE_APPROVED",""
"1328","LTFM","","Approach","Approach","ILS X OR LOC X RWY 36","ILS X OR LOC X RWY 36","INDIVIDUAL_200DPI_JPEG_1700x2200","INDIVIDUAL_200DPI_IMAGE_RENDERED; SOURCE_TEXT_SCREENED; NATIVE_SIZE_VISUAL_REVIEW_PENDING","NO_NEW_GEOREFERENCE_APPROVED",""
"1329","LTFM","","Approach","Approach","ILS X OR LOC X RWY 36","ILS X OR LOC X RWY 36","INDIVIDUAL_200DPI_JPEG_1700x2200","INDIVIDUAL_200DPI_IMAGE_RENDERED; SOURCE_TEXT_SCREENED; NATIVE_SIZE_VISUAL_REVIEW_PENDING","NO_NEW_GEOREFERENCE_APPROVED",""
"1330","LTFM","31-19","Approach","Approach","VOR Z RWY 36","VOR Z RWY 36","INDIVIDUAL_200DPI_JPEG_1700x2200","INDIVIDUAL_200DPI_IMAGE_RENDERED; SOURCE_TEXT_SCREENED; NATIVE_SIZE_VISUAL_REVIEW_PENDING","NO_NEW_GEOREFERENCE_APPROVED",""
"1331","LTFM","32-1","Approach","Approach","RNP Z RWY 16R","RNP Z RWY 16R","INDIVIDUAL_200DPI_JPEG_1700x2200","INDIVIDUAL_200DPI_IMAGE_RENDERED; SOURCE_TEXT_SCREENED; NATIVE_SIZE_VISUAL_REVIEW_PENDING","NO_NEW_GEOREFERENCE_APPROVED",""
"1332","LTFM","","Approach","Approach","RNP RWY 17L","RNP RWY 17L","INDIVIDUAL_200DPI_JPEG_1700x2200","INDIVIDUAL_200DPI_IMAGE_RENDERED; SOURCE_TEXT_SCREENED; NATIVE_SIZE_VISUAL_REVIEW_PENDING","NO_NEW_GEOREFERENCE_APPROVED",""
"1333","LTFM","","Approach","Approach","RNP RWY 18","RNP RWY 18","INDIVIDUAL_200DPI_JPEG_1700x2200","4UP_200DPI_VISUAL_SCREENED","NO_NEW_GEOREFERENCE_APPROVED",""
"1334","LTFM","32-4","Approach","Approach","RNP Z RWY 34L","RNP Z RWY 34L","INDIVIDUAL_200DPI_JPEG_1700x2200","4UP_200DPI_VISUAL_SCREENED","NO_NEW_GEOREFERENCE_APPROVED",""
"1335","LTFM","32-5","Approach","Approach","RNP Z RWY 35R","RNP Z RWY 35R","INDIVIDUAL_200DPI_JPEG_1700x2200","4UP_200DPI_VISUAL_SCREENED","NO_NEW_GEOREFERENCE_APPROVED",""
"1336","LTFM","32-6","Approach","Approach","RNP Z RWY 36","RNP Z RWY 36","INDIVIDUAL_200DPI_JPEG_1700x2200","4UP_200DPI_VISUAL_SCREENED","NO_NEW_GEOREFERENCE_APPROVED",""
"1337","UDYZ","","Airport","Airport","AIRPORT INFORMATION","AIRPORT INFORMATION","INDIVIDUAL_200DPI_JPEG_1700x2200","INDIVIDUAL_200DPI_IMAGE_RENDERED; SOURCE_TEXT_SCREENED; NATIVE_SIZE_VISUAL_REVIEW_PENDING","NO_NEW_GEOREFERENCE_APPROVED",""
"1338","UDYZ","10-1R","Airport","Airport","RADAR MINIMUM ALTITUDES","RADAR MINIMUM ALTITUDES","INDIVIDUAL_200DPI_JPEG_1700x2200","INDIVIDUAL_200DPI_IMAGE_RENDERED; SOURCE_TEXT_SCREENED; NATIVE_SIZE_VISUAL_REVIEW_PENDING","NO_NEW_GEOREFERENCE_APPROVED",""
"1339","UDYZ","10-2","STAR","STAR","EDULO 1A, LODAC 1A, SEVAN 1F","EDULO 1A, LODAC 1A, SEVAN 1F","INDIVIDUAL_200DPI_JPEG_1700x2200","INDIVIDUAL_200DPI_IMAGE_RENDERED; SOURCE_TEXT_SCREENED; NATIVE_SIZE_VISUAL_REVIEW_PENDING","NO_NEW_GEOREFERENCE_APPROVED",""
"1340","UDYZ","10-2A","STAR","STAR","EDULO 1B, FODEC 1B, LODAC 1B, SEVAN 3B","EDULO 1B, FODEC 1B, LODAC 1B, SEVAN 3B","INDIVIDUAL_200DPI_JPEG_1700x2200","INDIVIDUAL_200DPI_IMAGE_RENDERED; SOURCE_TEXT_SCREENED; NATIVE_SIZE_VISUAL_REVIEW_PENDING","NO_NEW_GEOREFERENCE_APPROVED",""
"1341","UDYZ","10-2B","STAR","STAR","FODEC 1A, SEVAN 5A, SEVAN 1G","FODEC 1A, SEVAN 5A, SEVAN 1G","INDIVIDUAL_200DPI_JPEG_1700x2200","4UP_200DPI_VISUAL_SCREENED","NO_NEW_GEOREFERENCE_APPROVED",""
"1342","UDYZ","10-3","SID","SID","EVGED 1E, INDUR 4E, KOSFI 1E, RUDRO 1E","EVGED 1E, INDUR 4E, KOSFI 1E, RUDRO 1E","INDIVIDUAL_200DPI_JPEG_1700x2200","4UP_200DPI_VISUAL_SCREENED","NO_NEW_GEOREFERENCE_APPROVED",""
"1343","UDYZ","10-3A","SID","SID","EVGED 1H, INDUR 4H, KOSFI 1H, RUDRO 1H","EVGED 1H, INDUR 4H, KOSFI 1H, RUDRO 1H","INDIVIDUAL_200DPI_JPEG_1700x2200","4UP_200DPI_VISUAL_SCREENED","NO_NEW_GEOREFERENCE_APPROVED",""
"1344","UDYZ","10-9","Airport","Airport","Airport Diagram Chart (ADC)","Airport Diagram Chart (ADC)","INDIVIDUAL_200DPI_JPEG_1700x2200","4UP_200DPI_VISUAL_SCREENED","NO_NEW_GEOREFERENCE_APPROVED",""
"1345","UDYZ","10-9A","Airport","Airport","PARKING STANDS & COORDS","PARKING STANDS & COORDS","INDIVIDUAL_200DPI_JPEG_1700x2200","INDIVIDUAL_200DPI_IMAGE_RENDERED; SOURCE_TEXT_SCREENED; NATIVE_SIZE_VISUAL_REVIEW_PENDING","NO_NEW_GEOREFERENCE_APPROVED",""
"1346","UDYZ","10-9S","Airport","Airport","MINIMUMS","MINIMUMS","INDIVIDUAL_200DPI_JPEG_1700x2200","INDIVIDUAL_200DPI_IMAGE_RENDERED; SOURCE_TEXT_SCREENED; NATIVE_SIZE_VISUAL_REVIEW_PENDING","NO_NEW_GEOREFERENCE_APPROVED",""
"1347","UDYZ","11-1","Approach","Approach","APPROACH 11-1","ILS DME RWY 08","INDIVIDUAL_200DPI_JPEG_1700x2200","FULL_200DPI_IMAGE_VISUAL_CHECK","NO_NEW_GEOREFERENCE_APPROVED","SOURCE_PRINTED_TITLE_AND_PLATE_CORRECTED"
"1348","UDYZ","11-1A","Approach","Approach","APPROACH 11-1A","CAT II ILS DME RWY 08","INDIVIDUAL_200DPI_JPEG_1700x2200","FULL_200DPI_IMAGE_VISUAL_CHECK","NO_NEW_GEOREFERENCE_APPROVED","SOURCE_PRINTED_TITLE_AND_PLATE_CORRECTED"
"1349","UDYZ","12-1","Approach","Approach","RNP RWY 08","RNP RWY 08","INDIVIDUAL_200DPI_JPEG_1700x2200","INDIVIDUAL_200DPI_IMAGE_RENDERED; SOURCE_TEXT_SCREENED; NATIVE_SIZE_VISUAL_REVIEW_PENDING","NO_NEW_GEOREFERENCE_APPROVED",""
"1350","UDYZ","12-2","Approach","Approach","RNP RWY 26","RNP Z RWY 26","INDIVIDUAL_200DPI_JPEG_1700x2200","FULL_200DPI_IMAGE_VISUAL_CHECK","NO_NEW_GEOREFERENCE_APPROVED","SOURCE_PRINTED_TITLE_AND_PLATE_CORRECTED"
"1351","UDYZ","12-3","Approach","Approach","RNP RWY 26","RNP Y RWY 26","INDIVIDUAL_200DPI_JPEG_1700x2200","FULL_200DPI_IMAGE_VISUAL_CHECK","NO_NEW_GEOREFERENCE_APPROVED","SOURCE_PRINTED_TITLE_AND_PLATE_CORRECTED"
"1352","UDYZ","12-40","Approach","Approach","GLS RWY 08","GLS RWY 08","INDIVIDUAL_200DPI_JPEG_1700x2200","INDIVIDUAL_200DPI_IMAGE_RENDERED; SOURCE_TEXT_SCREENED; NATIVE_SIZE_VISUAL_REVIEW_PENDING","NO_NEW_GEOREFERENCE_APPROVED",""
"1353","UDYZ","13-1","Approach","Approach","VOR DME RWY 08","VOR DME RWY 08","INDIVIDUAL_200DPI_JPEG_1700x2200","INDIVIDUAL_200DPI_IMAGE_RENDERED; SOURCE_TEXT_SCREENED; NATIVE_SIZE_VISUAL_REVIEW_PENDING","NO_NEW_GEOREFERENCE_APPROVED",""
"1354","UDYZ","19-01","Airport","Airport","AIRPORT QUALIFICATION","AIRPORT QUALIFICATION","INDIVIDUAL_200DPI_JPEG_1700x2200","INDIVIDUAL_200DPI_IMAGE_RENDERED; SOURCE_TEXT_SCREENED; NATIVE_SIZE_VISUAL_REVIEW_PENDING","NO_NEW_GEOREFERENCE_APPROVED",""
"1355","UDYZ","19-02","Airport","Airport","AIRPORT QUALIFICATION","AIRPORT QUALIFICATION","INDIVIDUAL_200DPI_JPEG_1700x2200","INDIVIDUAL_200DPI_IMAGE_RENDERED; SOURCE_TEXT_SCREENED; NATIVE_SIZE_VISUAL_REVIEW_PENDING","NO_NEW_GEOREFERENCE_APPROVED",""
"1356","UDYZ","19-10","Airport","Airport","AIRPORT QUALIFICATION","AIRPORT QUALIFICATION","INDIVIDUAL_200DPI_JPEG_1700x2200","INDIVIDUAL_200DPI_IMAGE_RENDERED; SOURCE_TEXT_SCREENED; NATIVE_SIZE_VISUAL_REVIEW_PENDING","NO_NEW_GEOREFERENCE_APPROVED",""
"1357","UGTB","","Airport","Airport","AIRPORT INFORMATION","AIRPORT INFORMATION","INDIVIDUAL_200DPI_JPEG_1700x2200","4UP_200DPI_VISUAL_SCREENED","NO_NEW_GEOREFERENCE_APPROVED",""
"1358","UGTB","","Airport","Airport","AIRPORT INFORMATION","AIRPORT INFORMATION","INDIVIDUAL_200DPI_JPEG_1700x2200","4UP_200DPI_VISUAL_SCREENED","NO_NEW_GEOREFERENCE_APPROVED",""
"1359","UGTB","10-1P","Airport","Airport","AIRPORT BRIEFING","AIRPORT BRIEFING","INDIVIDUAL_200DPI_JPEG_1700x2200","4UP_200DPI_VISUAL_SCREENED","NO_NEW_GEOREFERENCE_APPROVED",""
"1360","UGTB","10-1P1","Airport","Airport","AIRPORT BRIEFING","AIRPORT BRIEFING","INDIVIDUAL_200DPI_JPEG_1700x2200","4UP_200DPI_VISUAL_SCREENED","NO_NEW_GEOREFERENCE_APPROVED",""
