"page","airport","country","chart_number","title","local_pdf_page","approach_type","chart_pdf","chart_source","official_control_source","printed_references","independent_aip_gcp_count","maximum_independent_error_m","georef_model_created","priority","qa_status","comment"
"212","OICI","Iran","11-1","ILS Z RWY 32","7","ILS","2621(2).pdf","ORIGINAL_JEPPESEN","AIS_AIM_PUBLISHER_ONLY","ILM VOR 112.6, R-320, D16.0/D10.7 (chart labels)","0","","false","BATCH_01","PRINTED_REFERENCES_EXTRACTED_OFFICIAL_AIP_UNAVAILABLE","Radial/DME labels are NOT coordinates; official navaid datum/variation/elevation and 3-D slant correction needed. Plan-view not-to-scale mask review pending."
"213","OICI","Iran","11-1","ILS Z RWY 32","8","ILS","2621(2).pdf","ORIGINAL_JEPPESEN","AIS_AIM_PUBLISHER_ONLY","IILM ILS/DME 109.1; D10.7/D6.0/D0.8 (chart labels)","0","","false","BATCH_01","PRINTED_REFERENCES_EXTRACTED_OFFICIAL_AIP_UNAVAILABLE","Radial/DME labels are NOT coordinates; official navaid datum/variation/elevation and 3-D slant correction needed. Plan-view not-to-scale mask review pending."
"214","OICI","Iran","11-2","ILS Y RWY 32","9","ILS","2621(2).pdf","ORIGINAL_JEPPESEN","AIS_AIM_PUBLISHER_ONLY","ILM VOR 112.6; R130, R-320; D16.0/D18.0 (chart labels)","0","","false","BATCH_01","PRINTED_REFERENCES_EXTRACTED_OFFICIAL_AIP_UNAVAILABLE","Radial/DME labels are NOT coordinates; official navaid datum/variation/elevation and 3-D slant correction needed. Plan-view not-to-scale mask review pending."
"223","OICK","Iran","11-1","APPROACH 11-1","7","OTHER","2621(2).pdf","ORIGINAL_JEPPESEN","AIS_AIM_PUBLISHER_ONLY","KRD NDB 350; IKRD LOC 110.5; D0.6/D3.7/D11.0 (chart labels)","0","","false","BATCH_01","PRINTED_REFERENCES_EXTRACTED_OFFICIAL_AIP_UNAVAILABLE","Radial/DME labels are NOT coordinates; official navaid datum/variation/elevation and 3-D slant correction needed. Plan-view not-to-scale mask review pending."
"268","OIFM","Iran","11-1","APPROACH 11-1","24","OTHER","2621(2).pdf","ORIGINAL_JEPPESEN","AIS_AIM_PUBLISHER_ONLY","IIFN ILS/DME 109.9; R-348, D7.0/D15.0 (chart labels)","0","","false","BATCH_01","PRINTED_REFERENCES_EXTRACTED_OFFICIAL_AIP_UNAVAILABLE","Radial/DME labels are NOT coordinates; official navaid datum/variation/elevation and 3-D slant correction needed. Plan-view not-to-scale mask review pending."
"271","OIFM","Iran","13-2","APPROACH 13-2","27","OTHER","2621(2).pdf","ORIGINAL_JEPPESEN","AIS_AIM_PUBLISHER_ONLY","ISN VOR 113.2; D9.0/D3.0/D15.0 (chart labels)","0","","false","BATCH_01","PRINTED_REFERENCES_EXTRACTED_OFFICIAL_AIP_UNAVAILABLE","Radial/DME labels are NOT coordinates; official navaid datum/variation/elevation and 3-D slant correction needed. Plan-view not-to-scale mask review pending."
"275","OIFM","Iran","13-6","APPROACH 13-6","31","OTHER","2621(2).pdf","ORIGINAL_JEPPESEN","AIS_AIM_PUBLISHER_ONLY","ISN VOR 113.2; D9.0/D4.0/D1.0/D15.0 (chart labels)","0","","false","BATCH_01","PRINTED_REFERENCES_EXTRACTED_OFFICIAL_AIP_UNAVAILABLE","Radial/DME labels are NOT coordinates; official navaid datum/variation/elevation and 3-D slant correction needed. Plan-view not-to-scale mask review pending."
"276","OIFM","Iran","13-7","APPROACH 13-7","32","OTHER","2621(2).pdf","ORIGINAL_JEPPESEN","AIS_AIM_PUBLISHER_ONLY","ISN VOR 113.2; D15.0/D20.0 (chart labels)","0","","false","BATCH_01","PRINTED_REFERENCES_EXTRACTED_OFFICIAL_AIP_UNAVAILABLE","Radial/DME labels are NOT coordinates; official navaid datum/variation/elevation and 3-D slant correction needed. Plan-view not-to-scale mask review pending."
"280","OIFM","Iran","16-1","APPROACH 16-1","36","OTHER","2621(2).pdf","ORIGINAL_JEPPESEN","AIS_AIM_PUBLISHER_ONLY","IFN NDB/DME; D0.5/D3.0/D8.0/D15.0 (chart labels)","0","","false","BATCH_01","PRINTED_REFERENCES_EXTRACTED_OFFICIAL_AIP_UNAVAILABLE","Radial/DME labels are NOT coordinates; official navaid datum/variation/elevation and 3-D slant correction needed. Plan-view not-to-scale mask review pending."
"281","OIFM","Iran","16-2","APPROACH 16-2","37","OTHER","2621(2).pdf","ORIGINAL_JEPPESEN","AIS_AIM_PUBLISHER_ONLY","IFN NDB/DME; D0.5/D3.0/D8.0/D15.0 (chart labels)","0","","false","BATCH_01","PRINTED_REFERENCES_EXTRACTED_OFFICIAL_AIP_UNAVAILABLE","Radial/DME labels are NOT coordinates; official navaid datum/variation/elevation and 3-D slant correction needed. Plan-view not-to-scale mask review pending."
"386","OIIE","Iran","","LOC RWY 29R","28","LOC","2621(2).pdf","ORIGINAL_JEPPESEN","AIS_AIM_PUBLISHER_ONLY","","0","","false","QUEUED","NOT_STARTED",""
"387","OIIE","Iran","21-1-0","ILS RWY 29R (TEMPORARY PLATE)","29","ILS","2621(2).pdf","ORIGINAL_JEPPESEN","AIS_AIM_PUBLISHER_ONLY","","0","","false","QUEUED","NOT_STARTED",""
"388","OIIE","Iran","","ILS RWY 29R","30","ILS","2621(2).pdf","ORIGINAL_JEPPESEN","AIS_AIM_PUBLISHER_ONLY","","0","","false","QUEUED","NOT_STARTED",""
"389","OIIE","Iran","21-1A-0","CAT II ILS RWY 29R (TEMPORARY PLATE)","31","ILS","2621(2).pdf","ORIGINAL_JEPPESEN","AIS_AIM_PUBLISHER_ONLY","","0","","false","QUEUED","NOT_STARTED",""
"571","OIMJ","Iran","13-1","VOR RWY 07","4","VOR","2621(2).pdf","ORIGINAL_JEPPESEN","AIS_AIM_PUBLISHER_ONLY","","0","","false","QUEUED","NOT_STARTED",""
"608","OIMM","Iran","13-1","VOR Z RWY 13L","37","VOR","2621(2).pdf","ORIGINAL_JEPPESEN","AIS_AIM_PUBLISHER_ONLY","","0","","false","QUEUED","NOT_STARTED",""
"705","OISL","Iran","13-1","VOR RWY 09","7","VOR","2621(2).pdf","ORIGINAL_JEPPESEN","AIS_AIM_PUBLISHER_ONLY","","0","","false","QUEUED","NOT_STARTED",""
"707","OISL","Iran","13-3","VOR Y RWY 27","9","VOR","2621(2).pdf","ORIGINAL_JEPPESEN","AIS_AIM_PUBLISHER_ONLY","","0","","false","QUEUED","NOT_STARTED",""
"708","OISL","Iran","16-1","NDB RWY 09","10","NDB","2621(2).pdf","ORIGINAL_JEPPESEN","AIS_AIM_PUBLISHER_ONLY","","0","","false","QUEUED","NOT_STARTED",""
"715","OISR","Iran","13-1","APPROACH 13-1","6","OTHER","2621(2).pdf","ORIGINAL_JEPPESEN","AIS_AIM_PUBLISHER_ONLY","","0","","false","QUEUED","NOT_STARTED",""
"716","OISR","Iran","16-1","APPROACH 16-1","7","OTHER","2621(2).pdf","ORIGINAL_JEPPESEN","AIS_AIM_PUBLISHER_ONLY","","0","","false","QUEUED","NOT_STARTED",""
"767","OISY","Iran","13-2","VOR A","6","VOR","2621(2).pdf","ORIGINAL_JEPPESEN","AIS_AIM_PUBLISHER_ONLY","","0","","false","QUEUED","NOT_STARTED",""
"768","OISY","Iran","16-1","NDB A","7","NDB","2621(2).pdf","ORIGINAL_JEPPESEN","AIS_AIM_PUBLISHER_ONLY","","0","","false","QUEUED","NOT_STARTED",""
"769","OISY","Iran","16-2","NDB B","8","NDB","2621(2).pdf","ORIGINAL_JEPPESEN","AIS_AIM_PUBLISHER_ONLY","","0","","false","QUEUED","NOT_STARTED",""
"774","OITK","Iran","13-1","VOR DME RWY 15","4","VOR","2621(2).pdf","ORIGINAL_JEPPESEN","AIS_AIM_PUBLISHER_ONLY","","0","","false","QUEUED","NOT_STARTED",""
"795","OITL","Iran","11-1","LOC RWY 15","18","LOC","2621(2).pdf","ORIGINAL_JEPPESEN","AIS_AIM_PUBLISHER_ONLY","","0","","false","QUEUED","NOT_STARTED",""
"860","OITZ","Iran","13-1","VOR DME RWY 12 CAT C & D","5","VOR","2621(2).pdf","ORIGINAL_JEPPESEN","AIS_AIM_PUBLISHER_ONLY","","0","","false","QUEUED","NOT_STARTED",""
"861","OITZ","Iran","13-2","VOR DME RWY 12 CAT A & B","6","VOR","2621(2).pdf","ORIGINAL_JEPPESEN","AIS_AIM_PUBLISHER_ONLY","","0","","false","QUEUED","NOT_STARTED",""
"953","OIZI","Iran","13-1","VOR DME RWY 17","6","VOR","2621(2).pdf","ORIGINAL_JEPPESEN","AIS_AIM_PUBLISHER_ONLY","","0","","false","QUEUED","NOT_STARTED",""
"954","OIZI","Iran","13-2","VOR DME RWY 35","7","VOR","2621(2).pdf","ORIGINAL_JEPPESEN","AIS_AIM_PUBLISHER_ONLY","","0","","false","QUEUED","NOT_STARTED",""
"955","OIZI","Iran","16-1","APPROACH 16-1","8","OTHER","2621(2).pdf","ORIGINAL_JEPPESEN","AIS_AIM_PUBLISHER_ONLY","","0","","false","QUEUED","NOT_STARTED",""
"962","OIZS","Iran","16-1","CIRCLING NDB DME (CAT A, B & C)","5","NDB","2621(2).pdf","ORIGINAL_JEPPESEN","AIS_AIM_PUBLISHER_ONLY","","0","","false","QUEUED","NOT_STARTED",""
"974","ORNI","Iraq","11-1","LOC RWY 10","10","LOC","2621(2).pdf","ORIGINAL_JEPPESEN","AIS_AIM_PUBLISHER_ONLY","","0","","false","QUEUED","NOT_STARTED",""
"975","ORNI","Iraq","11-2","LOC RWY 28","11","LOC","2621(2).pdf","ORIGINAL_JEPPESEN","AIS_AIM_PUBLISHER_ONLY","","0","","false","QUEUED","NOT_STARTED",""
"976","ORNI","Iraq","12-1","RNP RWY 10","12","RNP","2621(2).pdf","ORIGINAL_JEPPESEN","AIS_AIM_PUBLISHER_ONLY","","0","","false","QUEUED","NOT_STARTED",""
"977","ORNI","Iraq","12-2","RNP RWY 28","13","RNP","2621(2).pdf","ORIGINAL_JEPPESEN","AIS_AIM_PUBLISHER_ONLY","","0","","false","QUEUED","NOT_STARTED",""
"987","ORBI","Iraq","11-1","APPROACH 11-1","8","OTHER","2621(2).pdf","ORIGINAL_JEPPESEN","AIS_AIM_PUBLISHER_ONLY","","0","","false","QUEUED","NOT_STARTED",""
"988","ORBI","Iraq","11-2","APPROACH 11-2","9","OTHER","2621(2).pdf","ORIGINAL_JEPPESEN","AIS_AIM_PUBLISHER_ONLY","","0","","false","QUEUED","NOT_STARTED",""
"991","ORBI","Iraq","13-1","VOR DME RWY 15L","12","VOR","2621(2).pdf","ORIGINAL_JEPPESEN","AIS_AIM_PUBLISHER_ONLY","","0","","false","QUEUED","NOT_STARTED",""
"992","ORBI","Iraq","13-2","VOR DME RWY 33R","13","VOR","2621(2).pdf","ORIGINAL_JEPPESEN","AIS_AIM_PUBLISHER_ONLY","","0","","false","QUEUED","NOT_STARTED",""
"1053","OOMS","Oman","11-1","LOC RWY 08L","18","LOC","2621(2).pdf","ORIGINAL_JEPPESEN","AIS_AIM_PUBLISHER_ONLY","","0","","false","QUEUED","NOT_STARTED",""
"1054","OOMS","Oman","11-1A","ILS RWY 08L","19","ILS","2621(2).pdf","ORIGINAL_JEPPESEN","AIS_AIM_PUBLISHER_ONLY","","0","","false","QUEUED","NOT_STARTED",""
"1055","OOMS","Oman","11-2","LOC Z RWY 08R","20","LOC","2621(2).pdf","ORIGINAL_JEPPESEN","AIS_AIM_PUBLISHER_ONLY","","0","","false","QUEUED","NOT_STARTED",""
"1057","OOMS","Oman","11-4","LOC Z RWY 26L","22","LOC","2621(2).pdf","ORIGINAL_JEPPESEN","AIS_AIM_PUBLISHER_ONLY","","0","","false","QUEUED","NOT_STARTED",""
"1062","OOMS","Oman","12-1","RNP RWY 08L","27","RNP","2621(2).pdf","ORIGINAL_JEPPESEN","AIS_AIM_PUBLISHER_ONLY","","0","","false","QUEUED","NOT_STARTED",""
"1063","OOMS","Oman","12-2","RNP RWY 08R","28","RNP","2621(2).pdf","ORIGINAL_JEPPESEN","AIS_AIM_PUBLISHER_ONLY","","0","","false","QUEUED","NOT_STARTED",""
"1064","OOMS","Oman","12-3","RNP RWY 26L","29","RNP","2621(2).pdf","ORIGINAL_JEPPESEN","AIS_AIM_PUBLISHER_ONLY","","0","","false","QUEUED","NOT_STARTED",""
"1065","OOMS","Oman","12-4","RNP RWY 26R","30","RNP","2621(2).pdf","ORIGINAL_JEPPESEN","AIS_AIM_PUBLISHER_ONLY","","0","","false","QUEUED","NOT_STARTED",""
"1066","OOMS","Oman","12-4A","RNP RWY 26R","31","RNP","2621(2).pdf","ORIGINAL_JEPPESEN","AIS_AIM_PUBLISHER_ONLY","","0","","false","QUEUED","NOT_STARTED",""
"1149","LTAC","Turkey","11-10","ILS Z OR LOC Z RWY 21C","80","ILS","2621(2).pdf","ORIGINAL_JEPPESEN","AIS_AIM_PUBLISHER_ONLY","","0","","false","QUEUED","NOT_STARTED",""
"1150","LTAC","Turkey","11-11","ILS Z OR LOC Z RWY 21R","81","ILS","2621(2).pdf","ORIGINAL_JEPPESEN","AIS_AIM_PUBLISHER_ONLY","","0","","false","QUEUED","NOT_STARTED",""
"1155","LTAC","Turkey","13-5","NDB Z RWY 21C","86","NDB","2621(2).pdf","ORIGINAL_JEPPESEN","AIS_AIM_PUBLISHER_ONLY","","0","","false","QUEUED","NOT_STARTED",""
"1157","LTAC","Turkey","13-7","NDB Z RWY 21R","88","NDB","2621(2).pdf","ORIGINAL_JEPPESEN","AIS_AIM_PUBLISHER_ONLY","","0","","false","QUEUED","NOT_STARTED",""
"1159","LTAC","Turkey","13-9","VOR A","90","VOR","2621(2).pdf","ORIGINAL_JEPPESEN","AIS_AIM_PUBLISHER_ONLY","","0","","false","QUEUED","NOT_STARTED",""
"1291","LTFM","Turkey","31-2","ILS Y RWY 16R","130","ILS","2621(2).pdf","ORIGINAL_JEPPESEN","AIS_AIM_PUBLISHER_ONLY","","0","","false","QUEUED","NOT_STARTED",""
"1292","LTFM","Turkey","31-2A","CAT II/III ILS Y RWY 16R","131","ILS","2621(2).pdf","ORIGINAL_JEPPESEN","AIS_AIM_PUBLISHER_ONLY","","0","","false","QUEUED","NOT_STARTED",""
"1295","LTFM","Turkey","31-3","VOR Z RWY 16R","134","VOR","2621(2).pdf","ORIGINAL_JEPPESEN","AIS_AIM_PUBLISHER_ONLY","","0","","false","QUEUED","NOT_STARTED",""
"1305","LTFM","Turkey","31-7B","ILS Y RWY 18","144","ILS","2621(2).pdf","ORIGINAL_JEPPESEN","AIS_AIM_PUBLISHER_ONLY","","0","","false","QUEUED","NOT_STARTED",""
"1306","LTFM","Turkey","31-7C","CAT II/III ILS Y RWY 18","145","ILS","2621(2).pdf","ORIGINAL_JEPPESEN","AIS_AIM_PUBLISHER_ONLY","","0","","false","QUEUED","NOT_STARTED",""
"1310","LTFM","Turkey","31-11","ILS Z RWY 34L","149","ILS","2621(2).pdf","ORIGINAL_JEPPESEN","AIS_AIM_PUBLISHER_ONLY","","0","","false","QUEUED","NOT_STARTED",""
"1311","LTFM","Turkey","31-11A","CAT II/III ILS Z RWY 34L","150","ILS","2621(2).pdf","ORIGINAL_JEPPESEN","AIS_AIM_PUBLISHER_ONLY","","0","","false","QUEUED","NOT_STARTED",""
"1317","LTFM","Turkey","31-14","ILS Z RWY 35R","156","ILS","2621(2).pdf","ORIGINAL_JEPPESEN","AIS_AIM_PUBLISHER_ONLY","","0","","false","QUEUED","NOT_STARTED",""
"1318","LTFM","Turkey","31-14A","CAT II/III ILS Z RWY 35R","157","ILS","2621(2).pdf","ORIGINAL_JEPPESEN","AIS_AIM_PUBLISHER_ONLY","","0","","false","QUEUED","NOT_STARTED",""
"1321","LTFM","Turkey","31-15B","ILS X RWY 35R","160","ILS","2621(2).pdf","ORIGINAL_JEPPESEN","AIS_AIM_PUBLISHER_ONLY","","0","","false","QUEUED","NOT_STARTED",""
"1322","LTFM","Turkey","31-15C","CAT II/III ILS X RWY 35R","161","ILS","2621(2).pdf","ORIGINAL_JEPPESEN","AIS_AIM_PUBLISHER_ONLY","","0","","false","QUEUED","NOT_STARTED",""
"1330","LTFM","Turkey","31-19","VOR Z RWY 36","169","VOR","2621(2).pdf","ORIGINAL_JEPPESEN","AIS_AIM_PUBLISHER_ONLY","","0","","false","QUEUED","NOT_STARTED",""
"1334","LTFM","Turkey","32-4","RNP Z RWY 34L","173","RNP","2621(2).pdf","ORIGINAL_JEPPESEN","AIS_AIM_PUBLISHER_ONLY","","0","","false","QUEUED","NOT_STARTED",""
"1335","LTFM","Turkey","32-5","RNP Z RWY 35R","174","RNP","2621(2).pdf","ORIGINAL_JEPPESEN","AIS_AIM_PUBLISHER_ONLY","","0","","false","QUEUED","NOT_STARTED",""
"1336","LTFM","Turkey","32-6","RNP Z RWY 36","175","RNP","2621(2).pdf","ORIGINAL_JEPPESEN","AIS_AIM_PUBLISHER_ONLY","","0","","false","QUEUED","NOT_STARTED",""
"1349","UDYZ","Armenia","12-1","RNP RWY 08","13","RNP","2621(2).pdf","ORIGINAL_JEPPESEN","AIS_AIM_PUBLISHER_ONLY","","0","","false","QUEUED","NOT_STARTED",""
"1352","UDYZ","Armenia","12-40","GLS RWY 08","16","OTHER","2621(2).pdf","ORIGINAL_JEPPESEN","AIS_AIM_PUBLISHER_ONLY","","0","","false","QUEUED","NOT_STARTED",""
"1353","UDYZ","Armenia","13-1","VOR DME RWY 08","17","VOR","2621(2).pdf","ORIGINAL_JEPPESEN","AIS_AIM_PUBLISHER_ONLY","","0","","false","QUEUED","NOT_STARTED",""
"1371","UGTB","Georgia","11-1","ILS Z RWY 13R","15","ILS","2621(2).pdf","ORIGINAL_JEPPESEN","AIS_AIM_PUBLISHER_ONLY","","0","","false","QUEUED","NOT_STARTED",""
"1372","UGTB","Georgia","11-2","LOC Z RWY 13R","16","LOC","2621(2).pdf","ORIGINAL_JEPPESEN","AIS_AIM_PUBLISHER_ONLY","","0","","false","QUEUED","NOT_STARTED",""
"1373","UGTB","Georgia","11-3","ILS Y RWY 13R","17","ILS","2621(2).pdf","ORIGINAL_JEPPESEN","AIS_AIM_PUBLISHER_ONLY","","0","","false","QUEUED","NOT_STARTED",""
"1374","UGTB","Georgia","11-4","LOC Y RWY 13R","18","LOC","2621(2).pdf","ORIGINAL_JEPPESEN","AIS_AIM_PUBLISHER_ONLY","","0","","false","QUEUED","NOT_STARTED",""
"1375","UGTB","Georgia","11-5","ILS Z RWY 31L","19","ILS","2621(2).pdf","ORIGINAL_JEPPESEN","AIS_AIM_PUBLISHER_ONLY","","0","","false","QUEUED","NOT_STARTED",""
"1376","UGTB","Georgia","11-6","LOC Z RWY 31L","20","LOC","2621(2).pdf","ORIGINAL_JEPPESEN","AIS_AIM_PUBLISHER_ONLY","","0","","false","QUEUED","NOT_STARTED",""
"1377","UGTB","Georgia","11-7","ILS Y RWY 31L","21","ILS","2621(2).pdf","ORIGINAL_JEPPESEN","AIS_AIM_PUBLISHER_ONLY","","0","","false","QUEUED","NOT_STARTED",""
"1378","UGTB","Georgia","11-8","LOC Y RWY 31L","22","LOC","2621(2).pdf","ORIGINAL_JEPPESEN","AIS_AIM_PUBLISHER_ONLY","","0","","false","QUEUED","NOT_STARTED",""
"1392","UGSB","Georgia","11-3","ILS Y RWY 12","10","ILS","2621(2).pdf","ORIGINAL_JEPPESEN","AIS_AIM_PUBLISHER_ONLY","","0","","false","QUEUED","NOT_STARTED",""
"1393","UGSB","Georgia","11-4","LOC Y RWY 12","11","LOC","2621(2).pdf","ORIGINAL_JEPPESEN","AIS_AIM_PUBLISHER_ONLY","","0","","false","QUEUED","NOT_STARTED",""
"1437","OMDB","United Arab Emirates","11-1","ILS RWY 12L","43","ILS","2621(2).pdf","ORIGINAL_JEPPESEN","AIS_AIM_PUBLISHER_ONLY","","0","","false","QUEUED","NOT_STARTED",""
"1438","OMDB","United Arab Emirates","11-1A","CAT II/III ILS RWY 12L","44","ILS","2621(2).pdf","ORIGINAL_JEPPESEN","AIS_AIM_PUBLISHER_ONLY","","0","","false","QUEUED","NOT_STARTED",""
"1443","OMDB","United Arab Emirates","11-4","ILS RWY 30R","49","ILS","2621(2).pdf","ORIGINAL_JEPPESEN","AIS_AIM_PUBLISHER_ONLY","","0","","false","QUEUED","NOT_STARTED",""
"1444","OMDB","United Arab Emirates","11-4A","CAT II/III ILS RWY 30R","50","ILS","2621(2).pdf","ORIGINAL_JEPPESEN","AIS_AIM_PUBLISHER_ONLY","","0","","false","QUEUED","NOT_STARTED",""
"1445","OMDB","United Arab Emirates","12-1","RNP RWY 12L","51","RNP","2621(2).pdf","ORIGINAL_JEPPESEN","AIS_AIM_PUBLISHER_ONLY","","0","","false","QUEUED","NOT_STARTED",""
"1483","OMDW","United Arab Emirates","21-1","ILS RWY 12","33","ILS","2621(2).pdf","ORIGINAL_JEPPESEN","AIS_AIM_PUBLISHER_ONLY","","0","","false","QUEUED","NOT_STARTED",""
"1484","OMDW","United Arab Emirates","21-1A","CAT II/III ILS RWY 12","34","ILS","2621(2).pdf","ORIGINAL_JEPPESEN","AIS_AIM_PUBLISHER_ONLY","","0","","false","QUEUED","NOT_STARTED",""
"1485","OMDW","United Arab Emirates","21-2","ILS RWY 30","35","ILS","2621(2).pdf","ORIGINAL_JEPPESEN","AIS_AIM_PUBLISHER_ONLY","","0","","false","QUEUED","NOT_STARTED",""
"1486","OMDW","United Arab Emirates","21-2A","CAT II/III ILS RWY 30","36","ILS","2621(2).pdf","ORIGINAL_JEPPESEN","AIS_AIM_PUBLISHER_ONLY","","0","","false","QUEUED","NOT_STARTED",""
"1487","OMDW","United Arab Emirates","22-1","RNP RWY 12","37","RNP","2621(2).pdf","ORIGINAL_JEPPESEN","AIS_AIM_PUBLISHER_ONLY","","0","","false","QUEUED","NOT_STARTED",""
"1488","OMDW","United Arab Emirates","22-2","RNP RWY 30","38","RNP","2621(2).pdf","ORIGINAL_JEPPESEN","AIS_AIM_PUBLISHER_ONLY","","0","","false","QUEUED","NOT_STARTED",""
"1550","OTHH","Qatar","21-1","ILS RWY 16L","62","ILS","2621(2).pdf","ORIGINAL_JEPPESEN","AIS_AIM_PUBLISHER_ONLY","","0","","false","QUEUED","NOT_STARTED",""
"1551","OTHH","Qatar","21-1A","CAT II/III ILS RWY 16L","63","ILS","2621(2).pdf","ORIGINAL_JEPPESEN","AIS_AIM_PUBLISHER_ONLY","","0","","false","QUEUED","NOT_STARTED",""
"1554","OTHH","Qatar","21-3","ILS RWY 34L","66","ILS","2621(2).pdf","ORIGINAL_JEPPESEN","AIS_AIM_PUBLISHER_ONLY","","0","","false","QUEUED","NOT_STARTED",""
"1555","OTHH","Qatar","21-3A","CAT II/III ILS RWY 34L","67","ILS","2621(2).pdf","ORIGINAL_JEPPESEN","AIS_AIM_PUBLISHER_ONLY","","0","","false","QUEUED","NOT_STARTED",""
"1558","OTHH","Qatar","22-1","RNP RWY 16L","70","RNP","2621(2).pdf","ORIGINAL_JEPPESEN","AIS_AIM_PUBLISHER_ONLY","","0","","false","QUEUED","NOT_STARTED",""
